month_year,site_key_hashed,worker_type,total_hours_worked
Jan-2019,a74b41132d0ad387,Contractor,41532
Feb-2019,a74b41132d0ad387,Contractor,38222
Mar-2019,a74b41132d0ad387,Contractor,70537
Apr-2019,a74b41132d0ad387,Contractor,47851
May-2019,a74b41132d0ad387,Contractor,61032
Jun-2019,a74b41132d0ad387,Contractor,75148
Jul-2019,a74b41132d0ad387,Contractor,57668
Aug-2019,a74b41132d0ad387,Contractor,80655
Sep-2019,a74b41132d0ad387,Contractor,57792
Oct-2019,a74b41132d0ad387,Contractor,64392
Nov-2019,a74b41132d0ad387,Contractor,73619
Dec-2019,a74b41132d0ad387,Contractor,61032
Jan-2020,a74b41132d0ad387,Contractor,61012
Feb-2020,a74b41132d0ad387,Contractor,60686
Mar-2020,a74b41132d0ad387,Contractor,59784
Apr-2020,a74b41132d0ad387,Contractor,59795
May-2020,a74b41132d0ad387,Contractor,59795
Jan-2019,a74b41132d0ad387,Staff,64203.05
Feb-2019,a74b41132d0ad387,Staff,61305
Mar-2019,a74b41132d0ad387,Staff,68365
Apr-2019,a74b41132d0ad387,Staff,63014
May-2019,a74b41132d0ad387,Staff,69007
Jun-2019,a74b41132d0ad387,Staff,66611
Jul-2019,a74b41132d0ad387,Staff,67446
Aug-2019,a74b41132d0ad387,Staff,70095
Sep-2019,a74b41132d0ad387,Staff,68562
Oct-2019,a74b41132d0ad387,Staff,68961
Nov-2019,a74b41132d0ad387,Staff,68283
Dec-2019,a74b41132d0ad387,Staff,68366
Jan-2020,a74b41132d0ad387,Staff,67234
Feb-2020,a74b41132d0ad387,Staff,69365
Mar-2020,a74b41132d0ad387,Staff,73224
Apr-2020,a74b41132d0ad387,Staff,76316
May-2020,a74b41132d0ad387,Staff,77292
Jun-2020,a74b41132d0ad387,Contractor,60124
Jun-2020,a74b41132d0ad387,Staff,72749
Dec-2020,a74b41132d0ad387,Contractor,55974
Jan-2021,a74b41132d0ad387,Contractor,42608
Mar-2021,a74b41132d0ad387,Contractor,56028
Jun-2021,a74b41132d0ad387,Contractor,48271
Jul-2021,a74b41132d0ad387,Contractor,49581
Aug-2021,a74b41132d0ad387,Contractor,74937
Sep-2021,a74b41132d0ad387,Contractor,53070
Oct-2021,a74b41132d0ad387,Contractor,54899
Nov-2021,a74b41132d0ad387,Contractor,63242
Dec-2021,a74b41132d0ad387,Contractor,56914
Jan-2022,a74b41132d0ad387,Contractor,56166
Feb-2022,a74b41132d0ad387,Contractor,90176
Mar-2022,a74b41132d0ad387,Contractor,81137
Apr-2022,a74b41132d0ad387,Contractor,75902
May-2022,a74b41132d0ad387,Contractor,82395
Jun-2022,a74b41132d0ad387,Contractor,86010
Jul-2022,a74b41132d0ad387,Contractor,92621
Aug-2022,a74b41132d0ad387,Contractor,116156
Oct-2020,a74b41132d0ad387,Staff,67809
Oct-2020,a74b41132d0ad387,Contractor,59524
Jul-2020,a74b41132d0ad387,Staff,77473
Jul-2020,a74b41132d0ad387,Contractor,60124
Aug-2020,a74b41132d0ad387,Staff,69458
Aug-2020,a74b41132d0ad387,Contractor,59994
Sep-2020,a74b41132d0ad387,Staff,67624
Sep-2020,a74b41132d0ad387,Contractor,59714
Nov-2020,a74b41132d0ad387,Staff,69144
Nov-2020,a74b41132d0ad387,Contractor,44779
Dec-2020,a74b41132d0ad387,Staff,69354
Jan-2021,a74b41132d0ad387,Staff,65496
Feb-2021,a74b41132d0ad387,Staff,63652
Mar-2021,a74b41132d0ad387,Staff,74687
Apr-2021,a74b41132d0ad387,Staff,68132
May-2021,a74b41132d0ad387,Staff,73515
May-2021,a74b41132d0ad387,Contractor,52999
Feb-2021,a74b41132d0ad387,Contractor,68945
Apr-2021,a74b41132d0ad387,Contractor,54964
Jun-2021,a74b41132d0ad387,Staff,71486
Jul-2021,a74b41132d0ad387,Staff,70026
Aug-2021,a74b41132d0ad387,Staff,70133
Sep-2021,a74b41132d0ad387,Staff,71277
Oct-2021,a74b41132d0ad387,Staff,78005
Nov-2021,a74b41132d0ad387,Staff,75984
Dec-2021,a74b41132d0ad387,Staff,71676
Jan-2022,a74b41132d0ad387,Staff,69089
Feb-2022,a74b41132d0ad387,Staff,76224
Mar-2022,a74b41132d0ad387,Staff,72849
Apr-2022,a74b41132d0ad387,Staff,66937
May-2022,a74b41132d0ad387,Staff,75173
Jun-2022,a74b41132d0ad387,Staff,73642
Jul-2022,a74b41132d0ad387,Staff,71225
Aug-2022,a74b41132d0ad387,Staff,81987
Jul-2014,a74b41132d0ad387,Staff,56335
Aug-2014,a74b41132d0ad387,Staff,54311
Sep-2014,a74b41132d0ad387,Staff,53839
Oct-2014,a74b41132d0ad387,Staff,52723
Nov-2014,a74b41132d0ad387,Staff,50996
Dec-2014,a74b41132d0ad387,Staff,50433
Jan-2015,a74b41132d0ad387,Staff,49578
Feb-2015,a74b41132d0ad387,Staff,50244
Mar-2015,a74b41132d0ad387,Staff,53237
Apr-2015,a74b41132d0ad387,Staff,46903
May-2015,a74b41132d0ad387,Staff,47592
Jun-2015,a74b41132d0ad387,Staff,44779
Jul-2015,a74b41132d0ad387,Staff,46207
Aug-2015,a74b41132d0ad387,Staff,39327
Sep-2015,a74b41132d0ad387,Staff,45864
Oct-2015,a74b41132d0ad387,Staff,43598
Nov-2015,a74b41132d0ad387,Staff,43311
Dec-2015,a74b41132d0ad387,Staff,43413
Jan-2016,a74b41132d0ad387,Staff,40461
Feb-2016,a74b41132d0ad387,Staff,41008
Mar-2016,a74b41132d0ad387,Staff,40007
Apr-2016,a74b41132d0ad387,Staff,37792
May-2016,a74b41132d0ad387,Staff,45864
Jun-2016,a74b41132d0ad387,Staff,44728
Jul-2016,a74b41132d0ad387,Staff,69005
Aug-2016,a74b41132d0ad387,Staff,54406
Sep-2016,a74b41132d0ad387,Staff,61947
Oct-2016,a74b41132d0ad387,Staff,53508
Nov-2016,a74b41132d0ad387,Staff,73000
Dec-2016,a74b41132d0ad387,Staff,73000
Jan-2017,a74b41132d0ad387,Staff,53000
Feb-2017,a74b41132d0ad387,Staff,53000
Mar-2017,a74b41132d0ad387,Staff,53000
Apr-2017,a74b41132d0ad387,Staff,52000
May-2017,a74b41132d0ad387,Staff,52000
Jun-2017,a74b41132d0ad387,Staff,63000
Jul-2017,a74b41132d0ad387,Staff,66600
Aug-2017,a74b41132d0ad387,Staff,67600
Sep-2017,a74b41132d0ad387,Staff,67800
Oct-2017,a74b41132d0ad387,Staff,68800
Nov-2017,a74b41132d0ad387,Staff,70200
Dec-2017,a74b41132d0ad387,Staff,69200
Jan-2018,a74b41132d0ad387,Staff,70800
Feb-2018,a74b41132d0ad387,Staff,71200
Mar-2018,a74b41132d0ad387,Staff,70600
Apr-2018,a74b41132d0ad387,Staff,69000
May-2018,a74b41132d0ad387,Staff,69000
Jun-2018,a74b41132d0ad387,Staff,70400
Jul-2018,a74b41132d0ad387,Staff,52360
Aug-2018,a74b41132d0ad387,Staff,55067
Sep-2018,a74b41132d0ad387,Staff,49016
Oct-2018,a74b41132d0ad387,Staff,51694
Nov-2018,a74b41132d0ad387,Staff,53143
Dec-2018,a74b41132d0ad387,Staff,59111
Jul-2014,a74b41132d0ad387,Contractor,34660
Aug-2014,a74b41132d0ad387,Contractor,28781
Sep-2014,a74b41132d0ad387,Contractor,27795
Oct-2014,a74b41132d0ad387,Contractor,28837
Nov-2014,a74b41132d0ad387,Contractor,42346
Dec-2014,a74b41132d0ad387,Contractor,26294
Jan-2015,a74b41132d0ad387,Contractor,22457
Feb-2015,a74b41132d0ad387,Contractor,34477
Mar-2015,a74b41132d0ad387,Contractor,25384
Apr-2015,a74b41132d0ad387,Contractor,25263
May-2015,a74b41132d0ad387,Contractor,31745
Jun-2015,a74b41132d0ad387,Contractor,21846
Jul-2015,a74b41132d0ad387,Contractor,21816
Aug-2015,a74b41132d0ad387,Contractor,22742
Sep-2015,a74b41132d0ad387,Contractor,21953
Oct-2015,a74b41132d0ad387,Contractor,27184
Nov-2015,a74b41132d0ad387,Contractor,19110
Dec-2015,a74b41132d0ad387,Contractor,18184
Jan-2016,a74b41132d0ad387,Contractor,24383
Feb-2016,a74b41132d0ad387,Contractor,25127
Mar-2016,a74b41132d0ad387,Contractor,20564
Apr-2016,a74b41132d0ad387,Contractor,51920
May-2016,a74b41132d0ad387,Contractor,21953
Jun-2016,a74b41132d0ad387,Contractor,23846
Jul-2016,a74b41132d0ad387,Contractor,43627
Aug-2016,a74b41132d0ad387,Contractor,39687
Sep-2016,a74b41132d0ad387,Contractor,22325
Oct-2016,a74b41132d0ad387,Contractor,23159
Nov-2016,a74b41132d0ad387,Contractor,23000
Dec-2016,a74b41132d0ad387,Contractor,22000
Jan-2017,a74b41132d0ad387,Contractor,36639
Feb-2017,a74b41132d0ad387,Contractor,29217
Mar-2017,a74b41132d0ad387,Contractor,35121
Apr-2017,a74b41132d0ad387,Contractor,25000
May-2017,a74b41132d0ad387,Contractor,32628
Jun-2017,a74b41132d0ad387,Contractor,42158.27
Jul-2017,a74b41132d0ad387,Contractor,32456
Aug-2017,a74b41132d0ad387,Contractor,26618
Sep-2017,a74b41132d0ad387,Contractor,33046
Oct-2017,a74b41132d0ad387,Contractor,27295
Nov-2017,a74b41132d0ad387,Contractor,29682
Dec-2017,a74b41132d0ad387,Contractor,24405
Jan-2018,a74b41132d0ad387,Contractor,31023
Feb-2018,a74b41132d0ad387,Contractor,30000
Mar-2018,a74b41132d0ad387,Contractor,50165
Apr-2018,a74b41132d0ad387,Contractor,26391
May-2018,a74b41132d0ad387,Contractor,40883
Jun-2018,a74b41132d0ad387,Contractor,36931
Jul-2018,a74b41132d0ad387,Contractor,68932
Aug-2018,a74b41132d0ad387,Contractor,84176
Sep-2018,a74b41132d0ad387,Contractor,79510
Oct-2018,a74b41132d0ad387,Contractor,79510
Nov-2018,a74b41132d0ad387,Contractor,77918
Dec-2018,a74b41132d0ad387,Contractor,59821
Jul-2011,350755ad348968b9,Staff,14604
Aug-2011,350755ad348968b9,Staff,14724
Sep-2011,350755ad348968b9,Staff,14244
Oct-2011,350755ad348968b9,Staff,13308
Oct-2011,350755ad348968b9,Contractor,39597
Sep-2011,350755ad348968b9,Contractor,38403
Aug-2011,350755ad348968b9,Contractor,37093
Jul-2011,350755ad348968b9,Contractor,36873
Nov-2011,350755ad348968b9,Staff,11936
Nov-2011,350755ad348968b9,Contractor,37145
Dec-2011,350755ad348968b9,Staff,10892
Dec-2011,350755ad348968b9,Contractor,36320
Jan-2012,350755ad348968b9,Staff,11216
Jan-2012,350755ad348968b9,Contractor,41920
Feb-2012,350755ad348968b9,Staff,10136
Feb-2012,350755ad348968b9,Contractor,38635
Mar-2012,350755ad348968b9,Staff,10244
Mar-2012,350755ad348968b9,Contractor,42883
Apr-2012,350755ad348968b9,Staff,12286
Apr-2012,350755ad348968b9,Contractor,38510
May-2012,350755ad348968b9,Staff,15094
May-2012,350755ad348968b9,Contractor,41230
Jun-2012,350755ad348968b9,Staff,15200
Jun-2012,350755ad348968b9,Contractor,40597
Jul-2012,350755ad348968b9,Staff,15548
Jul-2012,350755ad348968b9,Contractor,40766
Aug-2012,350755ad348968b9,Staff,15164
Aug-2012,350755ad348968b9,Contractor,46690
Sep-2012,350755ad348968b9,Staff,15240
Sep-2012,350755ad348968b9,Contractor,44995
Oct-2012,350755ad348968b9,Staff,15168
Oct-2012,350755ad348968b9,Contractor,50475
Nov-2012,350755ad348968b9,Staff,11232
Nov-2012,350755ad348968b9,Contractor,50475
Dec-2012,350755ad348968b9,Staff,21142
Dec-2012,350755ad348968b9,Contractor,43857
Jan-2013,350755ad348968b9,Staff,17635
Jan-2013,350755ad348968b9,Contractor,50192
Feb-2013,350755ad348968b9,Staff,15253
Feb-2013,350755ad348968b9,Contractor,46491
Mar-2013,350755ad348968b9,Staff,17577
Mar-2013,350755ad348968b9,Contractor,48761
Apr-2013,350755ad348968b9,Staff,20765
Apr-2013,350755ad348968b9,Contractor,44113
May-2013,350755ad348968b9,Staff,17356
May-2013,350755ad348968b9,Contractor,46553
Jun-2013,350755ad348968b9,Staff,15556
Jun-2013,350755ad348968b9,Contractor,42429
Jul-2013,350755ad348968b9,Staff,39957
Jul-2013,350755ad348968b9,Contractor,7570
Aug-2013,350755ad348968b9,Staff,40182
Aug-2013,350755ad348968b9,Contractor,6445
Sep-2013,350755ad348968b9,Staff,30114
Sep-2013,350755ad348968b9,Contractor,11118
Oct-2013,350755ad348968b9,Staff,38155
Oct-2013,350755ad348968b9,Contractor,12841
Nov-2013,350755ad348968b9,Staff,38640
Nov-2013,350755ad348968b9,Contractor,12213.5
Dec-2013,350755ad348968b9,Staff,44317
Dec-2013,350755ad348968b9,Contractor,10447
Jan-2014,350755ad348968b9,Staff,43613
Jan-2014,350755ad348968b9,Contractor,12246
Feb-2014,350755ad348968b9,Staff,38918
Feb-2014,350755ad348968b9,Contractor,12399
Mar-2014,350755ad348968b9,Staff,38918
Mar-2014,350755ad348968b9,Contractor,12399
Apr-2014,350755ad348968b9,Staff,36222
Apr-2014,350755ad348968b9,Contractor,9783
May-2014,350755ad348968b9,Staff,38918
May-2014,350755ad348968b9,Contractor,12399
Jun-2014,350755ad348968b9,Staff,38918
Jun-2014,350755ad348968b9,Contractor,12399
Jul-2014,350755ad348968b9,Staff,35000
Jul-2014,350755ad348968b9,Contractor,10000
Aug-2014,350755ad348968b9,Staff,35000
Aug-2014,350755ad348968b9,Contractor,10000
Sep-2014,350755ad348968b9,Staff,40924
Sep-2014,350755ad348968b9,Contractor,6215
Oct-2014,350755ad348968b9,Staff,41282
Oct-2014,350755ad348968b9,Contractor,7724
Nov-2014,350755ad348968b9,Staff,41282
Nov-2014,350755ad348968b9,Contractor,7724
Dec-2014,350755ad348968b9,Staff,41000
Dec-2014,350755ad348968b9,Contractor,7700
Jan-2015,350755ad348968b9,Staff,41067
Jan-2015,350755ad348968b9,Contractor,14803
Feb-2015,350755ad348968b9,Staff,38204
Feb-2015,350755ad348968b9,Contractor,10244
Mar-2015,350755ad348968b9,Staff,44091
Mar-2015,350755ad348968b9,Contractor,11828
Apr-2015,350755ad348968b9,Staff,46482
Apr-2015,350755ad348968b9,Contractor,9358
May-2015,350755ad348968b9,Staff,44795
May-2015,350755ad348968b9,Contractor,11991
Jun-2015,350755ad348968b9,Staff,34283
Jun-2015,350755ad348968b9,Contractor,13794
Jul-2015,350755ad348968b9,Staff,34420
Jul-2015,350755ad348968b9,Contractor,6902
Aug-2015,350755ad348968b9,Staff,44774
Aug-2015,350755ad348968b9,Contractor,6013
Sep-2015,350755ad348968b9,Staff,35912
Sep-2015,350755ad348968b9,Contractor,5142
Oct-2015,350755ad348968b9,Staff,29631
Oct-2015,350755ad348968b9,Contractor,11844
Nov-2015,350755ad348968b9,Staff,38390
Nov-2015,350755ad348968b9,Contractor,12180
Dec-2015,350755ad348968b9,Staff,37780
Dec-2015,350755ad348968b9,Contractor,8772
Jan-2016,350755ad348968b9,Staff,36722
Jan-2016,350755ad348968b9,Contractor,10290
Feb-2016,350755ad348968b9,Staff,44664
Feb-2016,350755ad348968b9,Contractor,9618
Mar-2016,350755ad348968b9,Staff,39084
Mar-2016,350755ad348968b9,Contractor,14602
Apr-2016,350755ad348968b9,Staff,39272
Apr-2016,350755ad348968b9,Contractor,12920
May-2016,350755ad348968b9,Staff,40396
May-2016,350755ad348968b9,Contractor,11559
Jun-2016,350755ad348968b9,Staff,38358.5
Jun-2016,350755ad348968b9,Contractor,10332
Jul-2016,350755ad348968b9,Staff,38408
Jul-2016,350755ad348968b9,Contractor,9374
Aug-2016,350755ad348968b9,Staff,33994
Aug-2016,350755ad348968b9,Contractor,8639
Sep-2016,350755ad348968b9,Staff,35935
Sep-2016,350755ad348968b9,Contractor,11597
Oct-2016,350755ad348968b9,Staff,39342
Oct-2016,350755ad348968b9,Contractor,9573
Nov-2016,350755ad348968b9,Staff,37734
Nov-2016,350755ad348968b9,Contractor,11476
Dec-2016,350755ad348968b9,Staff,41428
Dec-2016,350755ad348968b9,Contractor,10231
Jan-2017,350755ad348968b9,Staff,36207
Jan-2017,350755ad348968b9,Contractor,12933
Feb-2017,350755ad348968b9,Staff,34824
Feb-2017,350755ad348968b9,Contractor,11779
Mar-2017,350755ad348968b9,Staff,37642
Mar-2017,350755ad348968b9,Contractor,9318
Apr-2017,350755ad348968b9,Staff,36734
Apr-2017,350755ad348968b9,Contractor,10058
May-2017,350755ad348968b9,Staff,39447
May-2017,350755ad348968b9,Contractor,10864
Jun-2017,350755ad348968b9,Staff,35181
Jun-2017,350755ad348968b9,Contractor,12026
Jul-2017,350755ad348968b9,Staff,37848
Jul-2017,350755ad348968b9,Contractor,11353
Aug-2017,350755ad348968b9,Staff,37729
Aug-2017,350755ad348968b9,Contractor,10430
Sep-2017,350755ad348968b9,Staff,34011
Sep-2017,350755ad348968b9,Contractor,10259
Oct-2017,350755ad348968b9,Staff,38678
Oct-2017,350755ad348968b9,Contractor,10768
Nov-2017,350755ad348968b9,Staff,36492
Nov-2017,350755ad348968b9,Contractor,12952
Dec-2017,350755ad348968b9,Staff,35818
Dec-2017,350755ad348968b9,Contractor,8884
Jan-2018,350755ad348968b9,Staff,37913
Jan-2018,350755ad348968b9,Contractor,9334
Feb-2018,350755ad348968b9,Staff,37404
Feb-2018,350755ad348968b9,Contractor,8186
Mar-2018,350755ad348968b9,Staff,41053
Mar-2018,350755ad348968b9,Contractor,11112
Apr-2018,350755ad348968b9,Staff,39899
Apr-2018,350755ad348968b9,Contractor,7877
May-2018,350755ad348968b9,Staff,39372
May-2018,350755ad348968b9,Contractor,9097
Jun-2018,350755ad348968b9,Staff,36847
Jun-2018,350755ad348968b9,Contractor,9570
Jul-2018,350755ad348968b9,Staff,39120
Jul-2018,350755ad348968b9,Contractor,12588
Aug-2018,350755ad348968b9,Staff,41325
Aug-2018,350755ad348968b9,Contractor,14902
Sep-2018,350755ad348968b9,Staff,36817
Sep-2018,350755ad348968b9,Contractor,12626
Oct-2018,350755ad348968b9,Staff,38831
Oct-2018,350755ad348968b9,Contractor,13120
Nov-2018,350755ad348968b9,Staff,37861
Nov-2018,350755ad348968b9,Contractor,12364
Dec-2018,350755ad348968b9,Staff,38737
Dec-2018,350755ad348968b9,Contractor,12634
Jan-2019,350755ad348968b9,Staff,40053
Jan-2019,350755ad348968b9,Contractor,12858
Feb-2019,350755ad348968b9,Staff,34990
Feb-2019,350755ad348968b9,Contractor,12062
Mar-2019,350755ad348968b9,Staff,38906
Mar-2019,350755ad348968b9,Contractor,10317
Apr-2019,350755ad348968b9,Staff,35588
Apr-2019,350755ad348968b9,Contractor,10204
May-2019,350755ad348968b9,Staff,39326
May-2019,350755ad348968b9,Contractor,8570
Jun-2019,350755ad348968b9,Staff,36487
Jun-2019,350755ad348968b9,Contractor,10975
Jul-2019,350755ad348968b9,Staff,36197
Jul-2019,350755ad348968b9,Contractor,13755
Aug-2019,350755ad348968b9,Staff,37495
Aug-2019,350755ad348968b9,Contractor,13104
Sep-2019,350755ad348968b9,Staff,36277
Sep-2019,350755ad348968b9,Contractor,12975
Oct-2019,350755ad348968b9,Staff,38754
Oct-2019,350755ad348968b9,Contractor,14895
Nov-2019,350755ad348968b9,Staff,35718
Nov-2019,350755ad348968b9,Contractor,14110
Dec-2019,350755ad348968b9,Staff,38178
Dec-2019,350755ad348968b9,Contractor,8976
Jan-2020,350755ad348968b9,Staff,39848
Jan-2020,350755ad348968b9,Contractor,9177
Feb-2020,350755ad348968b9,Staff,39849
Feb-2020,350755ad348968b9,Contractor,7153
Mar-2020,350755ad348968b9,Staff,40310
Mar-2020,350755ad348968b9,Contractor,7482
Apr-2020,350755ad348968b9,Staff,40323
Apr-2020,350755ad348968b9,Contractor,4149
May-2020,350755ad348968b9,Staff,40761
May-2020,350755ad348968b9,Contractor,5772
Jun-2020,350755ad348968b9,Staff,38453.3
Jun-2020,350755ad348968b9,Contractor,7524
Feb-2022,bf4065199d70073b,Staff,89325
Feb-2022,bf4065199d70073b,Contractor,43316
Mar-2022,bf4065199d70073b,Staff,95595
Mar-2022,bf4065199d70073b,Contractor,25878
Jan-2022,bf4065199d70073b,Staff,87683
Jan-2022,bf4065199d70073b,Contractor,28829
Apr-2022,bf4065199d70073b,Staff,91468
Apr-2022,bf4065199d70073b,Contractor,33294
May-2022,bf4065199d70073b,Staff,96971
May-2022,bf4065199d70073b,Contractor,36143
Jun-2022,bf4065199d70073b,Staff,101413
Jun-2022,bf4065199d70073b,Contractor,35035
Jul-2022,bf4065199d70073b,Staff,81840
Jul-2022,bf4065199d70073b,Contractor,35048
Aug-2022,bf4065199d70073b,Staff,89681
Aug-2022,bf4065199d70073b,Contractor,23448
Jan-2019,f4ecd5b9c9e96fb0,Contractor,880
Feb-2019,f4ecd5b9c9e96fb0,Contractor,750
Mar-2019,f4ecd5b9c9e96fb0,Contractor,1150
Apr-2019,f4ecd5b9c9e96fb0,Contractor,2110
May-2019,f4ecd5b9c9e96fb0,Contractor,2900
Jun-2019,f4ecd5b9c9e96fb0,Contractor,5790
Jul-2019,f4ecd5b9c9e96fb0,Contractor,2338
Aug-2019,f4ecd5b9c9e96fb0,Contractor,1450
Sep-2019,f4ecd5b9c9e96fb0,Contractor,1820
Oct-2019,f4ecd5b9c9e96fb0,Contractor,2572
Nov-2019,f4ecd5b9c9e96fb0,Contractor,596
Dec-2019,f4ecd5b9c9e96fb0,Contractor,596
Jan-2020,f4ecd5b9c9e96fb0,Contractor,400
Feb-2020,f4ecd5b9c9e96fb0,Contractor,730
Mar-2020,f4ecd5b9c9e96fb0,Contractor,1828
Apr-2020,f4ecd5b9c9e96fb0,Contractor,3682
May-2020,f4ecd5b9c9e96fb0,Contractor,5244
Jan-2019,f4ecd5b9c9e96fb0,Staff,2080
Feb-2019,f4ecd5b9c9e96fb0,Staff,1810
Mar-2019,f4ecd5b9c9e96fb0,Staff,1800
Apr-2019,f4ecd5b9c9e96fb0,Staff,2020
May-2019,f4ecd5b9c9e96fb0,Staff,1570
Jun-2019,f4ecd5b9c9e96fb0,Staff,1650
Jul-2019,f4ecd5b9c9e96fb0,Staff,1510
Aug-2019,f4ecd5b9c9e96fb0,Staff,1980
Sep-2019,f4ecd5b9c9e96fb0,Staff,1470
Oct-2019,f4ecd5b9c9e96fb0,Staff,2334
Nov-2019,f4ecd5b9c9e96fb0,Staff,2504
Dec-2019,f4ecd5b9c9e96fb0,Staff,2504
Jan-2020,f4ecd5b9c9e96fb0,Staff,2164
Feb-2020,f4ecd5b9c9e96fb0,Staff,2698
Mar-2020,f4ecd5b9c9e96fb0,Staff,2561
Apr-2020,f4ecd5b9c9e96fb0,Staff,2838
May-2020,f4ecd5b9c9e96fb0,Staff,2708
Jun-2020,f4ecd5b9c9e96fb0,Contractor,4392
Jun-2020,f4ecd5b9c9e96fb0,Staff,2144
Dec-2020,f4ecd5b9c9e96fb0,Contractor,2236
Jul-2022,f4ecd5b9c9e96fb0,Contractor,3143
Aug-2022,f4ecd5b9c9e96fb0,Contractor,500
Oct-2020,f4ecd5b9c9e96fb0,Staff,2267
Oct-2020,f4ecd5b9c9e96fb0,Contractor,2142
Jul-2020,f4ecd5b9c9e96fb0,Staff,2942
Jul-2020,f4ecd5b9c9e96fb0,Contractor,6206
Aug-2020,f4ecd5b9c9e96fb0,Staff,2942
Aug-2020,f4ecd5b9c9e96fb0,Contractor,6206
Sep-2020,f4ecd5b9c9e96fb0,Staff,2772
Sep-2020,f4ecd5b9c9e96fb0,Contractor,4124
Nov-2020,f4ecd5b9c9e96fb0,Staff,2736
Dec-2020,f4ecd5b9c9e96fb0,Staff,1706
Jan-2021,f4ecd5b9c9e96fb0,Staff,1492
Feb-2021,f4ecd5b9c9e96fb0,Staff,1598
Mar-2021,f4ecd5b9c9e96fb0,Staff,1870
Mar-2021,f4ecd5b9c9e96fb0,Contractor,664
Apr-2021,f4ecd5b9c9e96fb0,Staff,2325
Apr-2021,f4ecd5b9c9e96fb0,Contractor,249
May-2021,f4ecd5b9c9e96fb0,Staff,1916
May-2021,f4ecd5b9c9e96fb0,Contractor,2352
Nov-2020,f4ecd5b9c9e96fb0,Contractor,4324
Jun-2021,f4ecd5b9c9e96fb0,Contractor,3136
Jun-2021,f4ecd5b9c9e96fb0,Staff,2076
Jul-2021,f4ecd5b9c9e96fb0,Staff,1740
Jul-2021,f4ecd5b9c9e96fb0,Contractor,1386
Aug-2021,f4ecd5b9c9e96fb0,Staff,1732
Aug-2021,f4ecd5b9c9e96fb0,Contractor,264
Sep-2021,f4ecd5b9c9e96fb0,Staff,1439
Oct-2021,f4ecd5b9c9e96fb0,Staff,1629
Nov-2021,f4ecd5b9c9e96fb0,Contractor,60
Nov-2021,f4ecd5b9c9e96fb0,Staff,2010
Dec-2021,f4ecd5b9c9e96fb0,Staff,1105
Jan-2022,f4ecd5b9c9e96fb0,Staff,1469.5
Jan-2022,f4ecd5b9c9e96fb0,Contractor,170
Feb-2022,f4ecd5b9c9e96fb0,Staff,1651
Feb-2022,f4ecd5b9c9e96fb0,Contractor,2610
Mar-2022,f4ecd5b9c9e96fb0,Staff,2125
Mar-2022,f4ecd5b9c9e96fb0,Contractor,3640
Apr-2022,f4ecd5b9c9e96fb0,Staff,1737.5
Apr-2022,f4ecd5b9c9e96fb0,Contractor,2822
May-2022,f4ecd5b9c9e96fb0,Staff,1924.5
May-2022,f4ecd5b9c9e96fb0,Contractor,3263
Jun-2022,f4ecd5b9c9e96fb0,Staff,1946
Jun-2022,f4ecd5b9c9e96fb0,Contractor,3263
Jul-2022,f4ecd5b9c9e96fb0,Staff,1706
Aug-2022,f4ecd5b9c9e96fb0,Staff,1439.3
Jan-2016,f4ecd5b9c9e96fb0,Staff,1000
Feb-2016,f4ecd5b9c9e96fb0,Staff,1000
Mar-2016,f4ecd5b9c9e96fb0,Staff,1000
Apr-2016,f4ecd5b9c9e96fb0,Staff,1000
May-2016,f4ecd5b9c9e96fb0,Staff,2000
Jun-2016,f4ecd5b9c9e96fb0,Staff,2000
Jul-2016,f4ecd5b9c9e96fb0,Staff,2000
Aug-2016,f4ecd5b9c9e96fb0,Staff,4000
Sep-2016,f4ecd5b9c9e96fb0,Staff,6500
Oct-2016,f4ecd5b9c9e96fb0,Staff,200
Nov-2016,f4ecd5b9c9e96fb0,Staff,600
Dec-2016,f4ecd5b9c9e96fb0,Staff,200
Jan-2017,f4ecd5b9c9e96fb0,Staff,200
Feb-2017,f4ecd5b9c9e96fb0,Staff,500
Mar-2017,f4ecd5b9c9e96fb0,Staff,500
Apr-2017,f4ecd5b9c9e96fb0,Staff,500
May-2017,f4ecd5b9c9e96fb0,Staff,500
Jun-2017,f4ecd5b9c9e96fb0,Staff,500
Jul-2017,f4ecd5b9c9e96fb0,Staff,500
Aug-2017,f4ecd5b9c9e96fb0,Staff,500
Sep-2017,f4ecd5b9c9e96fb0,Staff,500
Oct-2017,f4ecd5b9c9e96fb0,Staff,500
Nov-2017,f4ecd5b9c9e96fb0,Staff,500
Dec-2017,f4ecd5b9c9e96fb0,Staff,500
Jan-2018,f4ecd5b9c9e96fb0,Staff,500
Feb-2018,f4ecd5b9c9e96fb0,Staff,500
Mar-2018,f4ecd5b9c9e96fb0,Staff,500
Apr-2018,f4ecd5b9c9e96fb0,Staff,500
May-2018,f4ecd5b9c9e96fb0,Staff,500
Jun-2018,f4ecd5b9c9e96fb0,Staff,500
Jul-2018,f4ecd5b9c9e96fb0,Staff,500
Aug-2018,f4ecd5b9c9e96fb0,Staff,500
Sep-2018,f4ecd5b9c9e96fb0,Staff,500
Oct-2018,f4ecd5b9c9e96fb0,Staff,500
Nov-2018,f4ecd5b9c9e96fb0,Staff,500
Dec-2018,f4ecd5b9c9e96fb0,Staff,500
Jan-2016,f4ecd5b9c9e96fb0,Contractor,320
Feb-2016,f4ecd5b9c9e96fb0,Contractor,320
Mar-2016,f4ecd5b9c9e96fb0,Contractor,320
Apr-2016,f4ecd5b9c9e96fb0,Contractor,300
May-2016,f4ecd5b9c9e96fb0,Contractor,300
Jun-2016,f4ecd5b9c9e96fb0,Contractor,300
Jul-2016,f4ecd5b9c9e96fb0,Contractor,300
Aug-2016,f4ecd5b9c9e96fb0,Contractor,600
Sep-2016,f4ecd5b9c9e96fb0,Contractor,500
Oct-2016,f4ecd5b9c9e96fb0,Contractor,300
Nov-2016,f4ecd5b9c9e96fb0,Contractor,300
Dec-2016,f4ecd5b9c9e96fb0,Contractor,300
Jan-2017,f4ecd5b9c9e96fb0,Contractor,1800
Feb-2017,f4ecd5b9c9e96fb0,Contractor,1800
Mar-2017,f4ecd5b9c9e96fb0,Contractor,300
Apr-2017,f4ecd5b9c9e96fb0,Contractor,1800
May-2017,f4ecd5b9c9e96fb0,Contractor,1800
Jun-2017,f4ecd5b9c9e96fb0,Contractor,1800
Jul-2017,f4ecd5b9c9e96fb0,Contractor,1800
Aug-2017,f4ecd5b9c9e96fb0,Contractor,1800
Sep-2017,f4ecd5b9c9e96fb0,Contractor,1800
Oct-2017,f4ecd5b9c9e96fb0,Contractor,1800
Nov-2017,f4ecd5b9c9e96fb0,Contractor,1800
Dec-2017,f4ecd5b9c9e96fb0,Contractor,1500
Jan-2018,f4ecd5b9c9e96fb0,Contractor,1800
Feb-2018,f4ecd5b9c9e96fb0,Contractor,1800
Mar-2018,f4ecd5b9c9e96fb0,Contractor,1800
Apr-2018,f4ecd5b9c9e96fb0,Contractor,1800
May-2018,f4ecd5b9c9e96fb0,Contractor,1800
Jun-2018,f4ecd5b9c9e96fb0,Contractor,1800
Jul-2018,f4ecd5b9c9e96fb0,Contractor,1800
Aug-2018,f4ecd5b9c9e96fb0,Contractor,1800
Sep-2018,f4ecd5b9c9e96fb0,Contractor,1800
Oct-2018,f4ecd5b9c9e96fb0,Contractor,1800
Nov-2018,f4ecd5b9c9e96fb0,Contractor,1800
Dec-2018,f4ecd5b9c9e96fb0,Contractor,1800
Jan-2019,9edb7da78d2c1821,Contractor,7000
Feb-2019,9edb7da78d2c1821,Contractor,7000
Mar-2019,9edb7da78d2c1821,Contractor,6800
Apr-2019,9edb7da78d2c1821,Contractor,6800
May-2019,9edb7da78d2c1821,Contractor,6800
Jun-2019,9edb7da78d2c1821,Contractor,6200
Jul-2019,9edb7da78d2c1821,Contractor,6200
Aug-2019,9edb7da78d2c1821,Contractor,6200
Sep-2019,9edb7da78d2c1821,Contractor,6200
Oct-2019,9edb7da78d2c1821,Contractor,6200
Nov-2019,9edb7da78d2c1821,Contractor,6200
Dec-2019,9edb7da78d2c1821,Contractor,6200
Jan-2020,9edb7da78d2c1821,Contractor,6200
Feb-2020,9edb7da78d2c1821,Contractor,6200
Mar-2020,9edb7da78d2c1821,Contractor,6200
Apr-2020,9edb7da78d2c1821,Contractor,6200
May-2020,9edb7da78d2c1821,Contractor,6200
Jan-2019,9edb7da78d2c1821,Staff,30000
Feb-2019,9edb7da78d2c1821,Staff,30000
Mar-2019,9edb7da78d2c1821,Staff,29000
Apr-2019,9edb7da78d2c1821,Staff,29000
May-2019,9edb7da78d2c1821,Staff,29000
Jun-2019,9edb7da78d2c1821,Staff,27000
Jul-2019,9edb7da78d2c1821,Staff,27000
Aug-2019,9edb7da78d2c1821,Staff,27000
Sep-2019,9edb7da78d2c1821,Staff,27000
Oct-2019,9edb7da78d2c1821,Staff,27000
Nov-2019,9edb7da78d2c1821,Staff,27000
Dec-2019,9edb7da78d2c1821,Staff,25800
Jan-2020,9edb7da78d2c1821,Staff,25700
Feb-2020,9edb7da78d2c1821,Staff,25700
Mar-2020,9edb7da78d2c1821,Staff,25700
Apr-2020,9edb7da78d2c1821,Staff,25700
May-2020,9edb7da78d2c1821,Staff,25700
Jun-2020,9edb7da78d2c1821,Contractor,2167
Jun-2020,9edb7da78d2c1821,Staff,23183.33
Aug-2022,9edb7da78d2c1821,Contractor,1647.5
Oct-2020,9edb7da78d2c1821,Staff,22425
Oct-2020,9edb7da78d2c1821,Contractor,832
Nov-2020,9edb7da78d2c1821,Contractor,1238
Nov-2020,9edb7da78d2c1821,Staff,22425
Dec-2020,9edb7da78d2c1821,Staff,22620
Dec-2020,9edb7da78d2c1821,Contractor,1411
Jul-2020,9edb7da78d2c1821,Staff,21450
Jul-2020,9edb7da78d2c1821,Contractor,1512
Aug-2020,9edb7da78d2c1821,Staff,21450
Aug-2020,9edb7da78d2c1821,Contractor,1568
Sep-2020,9edb7da78d2c1821,Staff,21450
Sep-2020,9edb7da78d2c1821,Contractor,1512
Jan-2021,9edb7da78d2c1821,Staff,22035
Jan-2021,9edb7da78d2c1821,Contractor,1324
Feb-2021,9edb7da78d2c1821,Staff,22230
Feb-2021,9edb7da78d2c1821,Contractor,1147
Mar-2021,9edb7da78d2c1821,Staff,21450
Mar-2021,9edb7da78d2c1821,Contractor,964
Apr-2021,9edb7da78d2c1821,Staff,21060
Apr-2021,9edb7da78d2c1821,Contractor,1095
May-2021,9edb7da78d2c1821,Staff,21060
May-2021,9edb7da78d2c1821,Contractor,1022
Jun-2021,9edb7da78d2c1821,Staff,21060
Jun-2021,9edb7da78d2c1821,Contractor,1095
Jul-2021,9edb7da78d2c1821,Staff,20865
Jul-2021,9edb7da78d2c1821,Contractor,1
Aug-2021,9edb7da78d2c1821,Staff,21255
Aug-2021,9edb7da78d2c1821,Contractor,955
Sep-2021,9edb7da78d2c1821,Staff,23400
Sep-2021,9edb7da78d2c1821,Contractor,882
Oct-2021,9edb7da78d2c1821,Staff,23985
Oct-2021,9edb7da78d2c1821,Contractor,782
Nov-2021,9edb7da78d2c1821,Staff,23985
Nov-2021,9edb7da78d2c1821,Contractor,782
Dec-2021,9edb7da78d2c1821,Staff,23790
Dec-2021,9edb7da78d2c1821,Contractor,782
Jan-2022,9edb7da78d2c1821,Staff,24375
Jan-2022,9edb7da78d2c1821,Contractor,782
Feb-2022,9edb7da78d2c1821,Staff,24375
Feb-2022,9edb7da78d2c1821,Contractor,782
Mar-2022,9edb7da78d2c1821,Staff,23985
Mar-2022,9edb7da78d2c1821,Contractor,1128
Apr-2022,9edb7da78d2c1821,Staff,25155
Apr-2022,9edb7da78d2c1821,Contractor,1335
May-2022,9edb7da78d2c1821,Staff,25350
May-2022,9edb7da78d2c1821,Contractor,902
Jun-2022,9edb7da78d2c1821,Staff,24960
Jun-2022,9edb7da78d2c1821,Contractor,1533
Jul-2022,9edb7da78d2c1821,Contractor,1770.5
Jul-2022,9edb7da78d2c1821,Staff,24570
Aug-2022,9edb7da78d2c1821,Staff,26520
Jan-2013,9edb7da78d2c1821,Staff,41562
Feb-2013,9edb7da78d2c1821,Staff,9000
Mar-2013,9edb7da78d2c1821,Staff,9000
Apr-2013,9edb7da78d2c1821,Staff,9000
May-2013,9edb7da78d2c1821,Staff,9000
Jun-2013,9edb7da78d2c1821,Staff,9000
Jul-2013,9edb7da78d2c1821,Staff,9000
Aug-2013,9edb7da78d2c1821,Staff,9000
Sep-2013,9edb7da78d2c1821,Staff,9000
Oct-2013,9edb7da78d2c1821,Staff,9000
Nov-2013,9edb7da78d2c1821,Staff,9000
Dec-2013,9edb7da78d2c1821,Staff,9000
Jan-2014,9edb7da78d2c1821,Staff,18000
Feb-2014,9edb7da78d2c1821,Staff,9000
Mar-2014,9edb7da78d2c1821,Staff,9000
Apr-2014,9edb7da78d2c1821,Staff,7215
May-2014,9edb7da78d2c1821,Staff,7215
Jun-2014,9edb7da78d2c1821,Staff,9000
Jul-2014,9edb7da78d2c1821,Staff,10000
Aug-2014,9edb7da78d2c1821,Staff,9000
Sep-2014,9edb7da78d2c1821,Staff,10424
Oct-2014,9edb7da78d2c1821,Staff,10424
Nov-2014,9edb7da78d2c1821,Staff,10424
Dec-2014,9edb7da78d2c1821,Staff,10424
Jan-2015,9edb7da78d2c1821,Staff,10424
Feb-2015,9edb7da78d2c1821,Staff,10000
Mar-2015,9edb7da78d2c1821,Staff,12000
Apr-2015,9edb7da78d2c1821,Staff,10000
May-2015,9edb7da78d2c1821,Staff,12000
Jun-2015,9edb7da78d2c1821,Staff,12000
Jul-2015,9edb7da78d2c1821,Staff,12000
Aug-2015,9edb7da78d2c1821,Staff,12000
Sep-2015,9edb7da78d2c1821,Staff,12000
Oct-2015,9edb7da78d2c1821,Staff,12000
Nov-2015,9edb7da78d2c1821,Staff,12000
Dec-2015,9edb7da78d2c1821,Staff,12000
Jan-2016,9edb7da78d2c1821,Staff,17200
Feb-2016,9edb7da78d2c1821,Staff,12000
Mar-2016,9edb7da78d2c1821,Staff,12410
Apr-2016,9edb7da78d2c1821,Staff,12410
May-2016,9edb7da78d2c1821,Staff,12400
Jun-2016,9edb7da78d2c1821,Staff,20000
Jul-2016,9edb7da78d2c1821,Staff,20000
Aug-2016,9edb7da78d2c1821,Staff,20000
Sep-2016,9edb7da78d2c1821,Staff,20000
Oct-2016,9edb7da78d2c1821,Staff,20000
Nov-2016,9edb7da78d2c1821,Staff,20000
Dec-2016,9edb7da78d2c1821,Staff,20000
Jan-2017,9edb7da78d2c1821,Staff,20000
Feb-2017,9edb7da78d2c1821,Staff,20000
Mar-2017,9edb7da78d2c1821,Staff,20000
Apr-2017,9edb7da78d2c1821,Staff,20000
May-2017,9edb7da78d2c1821,Staff,20000
Jun-2017,9edb7da78d2c1821,Staff,25000
Jul-2017,9edb7da78d2c1821,Staff,25000
Aug-2017,9edb7da78d2c1821,Staff,20000
Sep-2017,9edb7da78d2c1821,Staff,25000
Oct-2017,9edb7da78d2c1821,Staff,25000
Nov-2017,9edb7da78d2c1821,Staff,25000
Dec-2017,9edb7da78d2c1821,Staff,25000
Jan-2018,9edb7da78d2c1821,Staff,25000
Feb-2018,9edb7da78d2c1821,Staff,25000
Mar-2018,9edb7da78d2c1821,Staff,25000
Apr-2018,9edb7da78d2c1821,Staff,25000
May-2018,9edb7da78d2c1821,Staff,25000
Jun-2018,9edb7da78d2c1821,Staff,25000
Jul-2018,9edb7da78d2c1821,Staff,25000
Aug-2018,9edb7da78d2c1821,Staff,25000
Sep-2018,9edb7da78d2c1821,Staff,25000
Oct-2018,9edb7da78d2c1821,Staff,25000
Nov-2018,9edb7da78d2c1821,Staff,25000
Dec-2018,9edb7da78d2c1821,Staff,25000
Apr-2013,9edb7da78d2c1821,Contractor,150
May-2013,9edb7da78d2c1821,Contractor,790
Jun-2013,9edb7da78d2c1821,Contractor,700
Jul-2013,9edb7da78d2c1821,Contractor,700
Aug-2013,9edb7da78d2c1821,Contractor,500
Sep-2013,9edb7da78d2c1821,Contractor,500
Oct-2013,9edb7da78d2c1821,Contractor,500
Nov-2013,9edb7da78d2c1821,Contractor,250
Dec-2013,9edb7da78d2c1821,Contractor,150
Jan-2014,9edb7da78d2c1821,Contractor,40
Feb-2014,9edb7da78d2c1821,Contractor,40
Mar-2014,9edb7da78d2c1821,Contractor,40
Apr-2014,9edb7da78d2c1821,Contractor,250
May-2014,9edb7da78d2c1821,Contractor,250
Jun-2014,9edb7da78d2c1821,Contractor,250
Jul-2014,9edb7da78d2c1821,Contractor,400
Aug-2014,9edb7da78d2c1821,Contractor,400
Sep-2014,9edb7da78d2c1821,Contractor,400
Oct-2014,9edb7da78d2c1821,Contractor,400
Nov-2014,9edb7da78d2c1821,Contractor,400
Dec-2014,9edb7da78d2c1821,Contractor,400
Jan-2015,9edb7da78d2c1821,Contractor,400
Feb-2015,9edb7da78d2c1821,Contractor,400
Mar-2015,9edb7da78d2c1821,Contractor,400
Apr-2015,9edb7da78d2c1821,Contractor,400
May-2015,9edb7da78d2c1821,Contractor,400
Jun-2015,9edb7da78d2c1821,Contractor,400
Jul-2015,9edb7da78d2c1821,Contractor,400
Aug-2015,9edb7da78d2c1821,Contractor,1000
Sep-2015,9edb7da78d2c1821,Contractor,1000
Oct-2015,9edb7da78d2c1821,Contractor,1000
Nov-2015,9edb7da78d2c1821,Contractor,1000
Dec-2015,9edb7da78d2c1821,Contractor,1000
Jan-2016,9edb7da78d2c1821,Contractor,1000
Feb-2016,9edb7da78d2c1821,Contractor,1000
Mar-2016,9edb7da78d2c1821,Contractor,850
Apr-2016,9edb7da78d2c1821,Contractor,850
May-2016,9edb7da78d2c1821,Contractor,800
Jun-2016,9edb7da78d2c1821,Contractor,4500
Jul-2016,9edb7da78d2c1821,Contractor,6200
Aug-2016,9edb7da78d2c1821,Contractor,6200
Sep-2016,9edb7da78d2c1821,Contractor,6200
Oct-2016,9edb7da78d2c1821,Contractor,6200
Nov-2016,9edb7da78d2c1821,Contractor,6200
Dec-2016,9edb7da78d2c1821,Contractor,6200
Jan-2017,9edb7da78d2c1821,Contractor,6200
Feb-2017,9edb7da78d2c1821,Contractor,6200
Mar-2017,9edb7da78d2c1821,Contractor,6200
Apr-2017,9edb7da78d2c1821,Contractor,6200
May-2017,9edb7da78d2c1821,Contractor,6200
Jun-2017,9edb7da78d2c1821,Contractor,6200
Jul-2017,9edb7da78d2c1821,Contractor,6200
Aug-2017,9edb7da78d2c1821,Contractor,6200
Sep-2017,9edb7da78d2c1821,Contractor,6200
Oct-2017,9edb7da78d2c1821,Contractor,6200
Nov-2017,9edb7da78d2c1821,Contractor,6200
Dec-2017,9edb7da78d2c1821,Contractor,6200
Jan-2018,9edb7da78d2c1821,Contractor,6200
Feb-2018,9edb7da78d2c1821,Contractor,6200
Mar-2018,9edb7da78d2c1821,Contractor,6200
Apr-2018,9edb7da78d2c1821,Contractor,6200
May-2018,9edb7da78d2c1821,Contractor,6200
Jun-2018,9edb7da78d2c1821,Contractor,6200
Jul-2018,9edb7da78d2c1821,Contractor,6200
Aug-2018,9edb7da78d2c1821,Contractor,6200
Sep-2018,9edb7da78d2c1821,Contractor,6200
Oct-2018,9edb7da78d2c1821,Contractor,6200
Nov-2018,9edb7da78d2c1821,Contractor,6200
Dec-2018,9edb7da78d2c1821,Contractor,6200
Jan-2019,30c6f1d4634a0268,Contractor,10512
Feb-2019,30c6f1d4634a0268,Contractor,5916
Mar-2019,30c6f1d4634a0268,Contractor,10824
Apr-2019,30c6f1d4634a0268,Contractor,15432
May-2019,30c6f1d4634a0268,Contractor,13524
Jun-2019,30c6f1d4634a0268,Contractor,20528
Jul-2019,30c6f1d4634a0268,Contractor,31496
Aug-2019,30c6f1d4634a0268,Contractor,35864
Sep-2019,30c6f1d4634a0268,Contractor,33428
Oct-2019,30c6f1d4634a0268,Contractor,35348
Nov-2019,30c6f1d4634a0268,Contractor,35124
Dec-2019,30c6f1d4634a0268,Contractor,30204
Jan-2020,30c6f1d4634a0268,Contractor,36084
Feb-2020,30c6f1d4634a0268,Contractor,34664
Mar-2020,30c6f1d4634a0268,Contractor,40040
Apr-2020,30c6f1d4634a0268,Contractor,38060
May-2020,30c6f1d4634a0268,Contractor,33116
Jan-2019,30c6f1d4634a0268,Staff,30180
Feb-2019,30c6f1d4634a0268,Staff,24012
Mar-2019,30c6f1d4634a0268,Staff,29172
Apr-2019,30c6f1d4634a0268,Staff,28572
May-2019,30c6f1d4634a0268,Staff,31348
Jun-2019,30c6f1d4634a0268,Staff,29820
Jul-2019,30c6f1d4634a0268,Staff,31104
Aug-2019,30c6f1d4634a0268,Staff,31188
Sep-2019,30c6f1d4634a0268,Staff,30900
Oct-2019,30c6f1d4634a0268,Staff,34356
Nov-2019,30c6f1d4634a0268,Staff,36288
Dec-2019,30c6f1d4634a0268,Staff,33408
Jan-2020,30c6f1d4634a0268,Staff,34356
Feb-2020,30c6f1d4634a0268,Staff,33780
Mar-2020,30c6f1d4634a0268,Staff,34896
Apr-2020,30c6f1d4634a0268,Staff,31896
May-2020,30c6f1d4634a0268,Staff,32316
Jun-2020,30c6f1d4634a0268,Contractor,29224
Jun-2020,30c6f1d4634a0268,Staff,30996
Jan-2019,49d11ae6ef35a6f5,Contractor,31958
Feb-2019,49d11ae6ef35a6f5,Contractor,35974
Mar-2019,49d11ae6ef35a6f5,Contractor,42572
Apr-2019,49d11ae6ef35a6f5,Contractor,37556
May-2019,49d11ae6ef35a6f5,Contractor,42221
Jun-2019,49d11ae6ef35a6f5,Contractor,35080
Jul-2019,49d11ae6ef35a6f5,Contractor,37221
Aug-2019,49d11ae6ef35a6f5,Contractor,23349
Sep-2019,49d11ae6ef35a6f5,Contractor,33342
Oct-2019,49d11ae6ef35a6f5,Contractor,34864
Nov-2019,49d11ae6ef35a6f5,Contractor,37423
Dec-2019,49d11ae6ef35a6f5,Contractor,33658
Jan-2020,49d11ae6ef35a6f5,Contractor,31830
Feb-2020,49d11ae6ef35a6f5,Contractor,27229
Mar-2020,49d11ae6ef35a6f5,Contractor,27645
Apr-2020,49d11ae6ef35a6f5,Contractor,23168
May-2020,49d11ae6ef35a6f5,Contractor,22662
Jan-2019,49d11ae6ef35a6f5,Staff,40852
Feb-2019,49d11ae6ef35a6f5,Staff,39269
Mar-2019,49d11ae6ef35a6f5,Staff,43579
Apr-2019,49d11ae6ef35a6f5,Staff,41963
May-2019,49d11ae6ef35a6f5,Staff,49014
Jun-2019,49d11ae6ef35a6f5,Staff,44124
Jul-2019,49d11ae6ef35a6f5,Staff,51448
Aug-2019,49d11ae6ef35a6f5,Staff,52775
Sep-2019,49d11ae6ef35a6f5,Staff,47100
Oct-2019,49d11ae6ef35a6f5,Staff,47825
Nov-2019,49d11ae6ef35a6f5,Staff,47564
Dec-2019,49d11ae6ef35a6f5,Staff,43915
Jan-2020,49d11ae6ef35a6f5,Staff,43660
Feb-2020,49d11ae6ef35a6f5,Staff,43522
Mar-2020,49d11ae6ef35a6f5,Staff,44755
Apr-2020,49d11ae6ef35a6f5,Staff,41494
May-2020,49d11ae6ef35a6f5,Staff,48083
Jun-2020,49d11ae6ef35a6f5,Contractor,20210
Jun-2020,49d11ae6ef35a6f5,Staff,48076
Jul-2020,49d11ae6ef35a6f5,Staff,49572
Jul-2020,49d11ae6ef35a6f5,Contractor,25478
Aug-2020,49d11ae6ef35a6f5,Staff,49401
Aug-2020,49d11ae6ef35a6f5,Contractor,24113
Sep-2020,49d11ae6ef35a6f5,Staff,48315
Sep-2020,49d11ae6ef35a6f5,Contractor,20842
Jan-2019,53030efca88e7301,Contractor,13378
Feb-2019,53030efca88e7301,Contractor,8137
Mar-2019,53030efca88e7301,Contractor,9983
Apr-2019,53030efca88e7301,Contractor,8275
May-2019,53030efca88e7301,Contractor,11404
Jun-2019,53030efca88e7301,Contractor,11262
Jul-2019,53030efca88e7301,Contractor,11212
Aug-2019,53030efca88e7301,Contractor,18459
Sep-2019,53030efca88e7301,Contractor,16865
Oct-2019,53030efca88e7301,Contractor,16945
Nov-2019,53030efca88e7301,Contractor,12368
Dec-2019,53030efca88e7301,Contractor,8924
Jan-2020,53030efca88e7301,Contractor,8599
Feb-2020,53030efca88e7301,Contractor,9913
Mar-2020,53030efca88e7301,Contractor,10194
Apr-2020,53030efca88e7301,Contractor,13071.55
May-2020,53030efca88e7301,Contractor,9660
Jan-2019,53030efca88e7301,Staff,35954
Feb-2019,53030efca88e7301,Staff,35972
Mar-2019,53030efca88e7301,Staff,35123
Apr-2019,53030efca88e7301,Staff,35207
May-2019,53030efca88e7301,Staff,34847
Jun-2019,53030efca88e7301,Staff,35192
Jul-2019,53030efca88e7301,Staff,35885
Aug-2019,53030efca88e7301,Staff,36864
Sep-2019,53030efca88e7301,Staff,29022
Oct-2019,53030efca88e7301,Staff,32813
Nov-2019,53030efca88e7301,Staff,33462
Dec-2019,53030efca88e7301,Staff,30951
Jan-2020,53030efca88e7301,Staff,31078
Feb-2020,53030efca88e7301,Staff,30486
Mar-2020,53030efca88e7301,Staff,34148
Apr-2020,53030efca88e7301,Staff,33278.89
May-2020,53030efca88e7301,Staff,35501
Jun-2020,53030efca88e7301,Contractor,8380
Jun-2020,53030efca88e7301,Staff,33952
Nov-2020,30c6f1d4634a0268,Contractor,23012
Dec-2020,30c6f1d4634a0268,Contractor,28076
Jan-2021,30c6f1d4634a0268,Contractor,27092
Feb-2021,30c6f1d4634a0268,Contractor,31065
Mar-2021,30c6f1d4634a0268,Contractor,29105
Apr-2021,30c6f1d4634a0268,Contractor,32144
Jun-2021,30c6f1d4634a0268,Contractor,31316
Jul-2021,30c6f1d4634a0268,Contractor,34388
Aug-2021,30c6f1d4634a0268,Staff,38348
Sep-2021,30c6f1d4634a0268,Staff,34292
Jul-2020,30c6f1d4634a0268,Staff,27768
Jul-2020,30c6f1d4634a0268,Contractor,33860
Aug-2020,30c6f1d4634a0268,Staff,22080
Aug-2020,30c6f1d4634a0268,Contractor,30320
Sep-2020,30c6f1d4634a0268,Staff,31068
Sep-2020,30c6f1d4634a0268,Contractor,27296
Oct-2020,30c6f1d4634a0268,Staff,24420
Oct-2020,30c6f1d4634a0268,Contractor,31004
Nov-2020,30c6f1d4634a0268,Staff,26076
Dec-2020,30c6f1d4634a0268,Staff,26736
Jan-2021,30c6f1d4634a0268,Staff,27012
Feb-2021,30c6f1d4634a0268,Staff,26304
Mar-2021,30c6f1d4634a0268,Staff,31464
Apr-2021,30c6f1d4634a0268,Staff,30468
May-2021,30c6f1d4634a0268,Contractor,33542
May-2021,30c6f1d4634a0268,Staff,23041
Jun-2021,30c6f1d4634a0268,Staff,23256
Jul-2021,30c6f1d4634a0268,Staff,22680
Aug-2021,30c6f1d4634a0268,Staff,23543
Sep-2021,30c6f1d4634a0268,Staff,19802
Jul-2011,30c6f1d4634a0268,Staff,2105
Aug-2011,30c6f1d4634a0268,Staff,2245
Sep-2011,30c6f1d4634a0268,Staff,2825
Oct-2011,30c6f1d4634a0268,Staff,3200
Nov-2011,30c6f1d4634a0268,Staff,7949
Dec-2011,30c6f1d4634a0268,Staff,10525
Jan-2012,30c6f1d4634a0268,Staff,1743
Feb-2012,30c6f1d4634a0268,Staff,3648
Mar-2012,30c6f1d4634a0268,Staff,1260
Apr-2012,30c6f1d4634a0268,Staff,1260
May-2012,30c6f1d4634a0268,Staff,13680
Jun-2012,30c6f1d4634a0268,Staff,25560
Jul-2012,30c6f1d4634a0268,Staff,24056
Aug-2012,30c6f1d4634a0268,Staff,32528
Sep-2012,30c6f1d4634a0268,Staff,23988
Oct-2012,30c6f1d4634a0268,Staff,28274
Nov-2012,30c6f1d4634a0268,Staff,28274
Dec-2012,30c6f1d4634a0268,Staff,31937
Jan-2013,30c6f1d4634a0268,Staff,6394
Feb-2013,30c6f1d4634a0268,Staff,21696
Mar-2013,30c6f1d4634a0268,Staff,32219
Apr-2013,30c6f1d4634a0268,Staff,15132
May-2013,30c6f1d4634a0268,Staff,10716
Jun-2013,30c6f1d4634a0268,Staff,26447
Jul-2013,30c6f1d4634a0268,Staff,26447
Aug-2013,30c6f1d4634a0268,Staff,28044
Sep-2013,30c6f1d4634a0268,Staff,26460
Oct-2013,30c6f1d4634a0268,Staff,26460
Nov-2013,30c6f1d4634a0268,Staff,26904
Dec-2013,30c6f1d4634a0268,Staff,25752
Jan-2014,30c6f1d4634a0268,Staff,25730
Feb-2014,30c6f1d4634a0268,Staff,24588
Mar-2014,30c6f1d4634a0268,Staff,27936
Apr-2014,30c6f1d4634a0268,Staff,27288
May-2014,30c6f1d4634a0268,Staff,27024
Jun-2014,30c6f1d4634a0268,Staff,26558
Jul-2014,30c6f1d4634a0268,Staff,26964
Aug-2014,30c6f1d4634a0268,Staff,24924
Sep-2014,30c6f1d4634a0268,Staff,27144
Oct-2014,30c6f1d4634a0268,Staff,25260
Nov-2014,30c6f1d4634a0268,Staff,25564
Dec-2014,30c6f1d4634a0268,Staff,24132
Jan-2015,30c6f1d4634a0268,Staff,24300
Feb-2015,30c6f1d4634a0268,Staff,21372
Mar-2015,30c6f1d4634a0268,Staff,22324
Apr-2015,30c6f1d4634a0268,Staff,19056
May-2015,30c6f1d4634a0268,Staff,21864
Jun-2015,30c6f1d4634a0268,Staff,24456
Jul-2015,30c6f1d4634a0268,Staff,23436
Aug-2015,30c6f1d4634a0268,Staff,24912
Sep-2015,30c6f1d4634a0268,Staff,24804
Oct-2015,30c6f1d4634a0268,Staff,25056
Nov-2015,30c6f1d4634a0268,Staff,22992
Dec-2015,30c6f1d4634a0268,Staff,20532
Jan-2016,30c6f1d4634a0268,Staff,24992
Feb-2016,30c6f1d4634a0268,Staff,23760
Mar-2016,30c6f1d4634a0268,Staff,22512
Apr-2016,30c6f1d4634a0268,Staff,24840
May-2016,30c6f1d4634a0268,Staff,26964
Jun-2016,30c6f1d4634a0268,Staff,26436
Jul-2016,30c6f1d4634a0268,Staff,31236
Aug-2016,30c6f1d4634a0268,Staff,29541
Sep-2016,30c6f1d4634a0268,Staff,26232
Oct-2016,30c6f1d4634a0268,Staff,28164
Nov-2016,30c6f1d4634a0268,Staff,29100
Dec-2016,30c6f1d4634a0268,Staff,29847
Jan-2017,30c6f1d4634a0268,Staff,29388
Feb-2017,30c6f1d4634a0268,Staff,27504
Mar-2017,30c6f1d4634a0268,Staff,25308
Apr-2017,30c6f1d4634a0268,Staff,25392
May-2017,30c6f1d4634a0268,Staff,27924
Jun-2017,30c6f1d4634a0268,Staff,25872
Jul-2017,30c6f1d4634a0268,Staff,26436
Aug-2017,30c6f1d4634a0268,Staff,28872
Sep-2017,30c6f1d4634a0268,Staff,31344
Oct-2017,30c6f1d4634a0268,Staff,31224
Nov-2017,30c6f1d4634a0268,Staff,29004
Dec-2017,30c6f1d4634a0268,Staff,28644
Jan-2018,30c6f1d4634a0268,Staff,29904
Feb-2018,30c6f1d4634a0268,Staff,27252
Mar-2018,30c6f1d4634a0268,Staff,31020
Apr-2018,30c6f1d4634a0268,Staff,31668
May-2018,30c6f1d4634a0268,Staff,32160
Jun-2018,30c6f1d4634a0268,Staff,30192
Jul-2018,30c6f1d4634a0268,Staff,31440
Aug-2018,30c6f1d4634a0268,Staff,31416
Sep-2018,30c6f1d4634a0268,Staff,30360
Oct-2018,30c6f1d4634a0268,Staff,30864
Nov-2018,30c6f1d4634a0268,Staff,30540
Dec-2018,30c6f1d4634a0268,Staff,29112
Jan-2012,30c6f1d4634a0268,Contractor,7760
Feb-2012,30c6f1d4634a0268,Contractor,23258
Mar-2012,30c6f1d4634a0268,Contractor,24892
Apr-2012,30c6f1d4634a0268,Contractor,34059
May-2012,30c6f1d4634a0268,Contractor,65126
Jun-2012,30c6f1d4634a0268,Contractor,63231
Jul-2012,30c6f1d4634a0268,Contractor,53773
Aug-2012,30c6f1d4634a0268,Contractor,140672
Sep-2012,30c6f1d4634a0268,Contractor,149212
Oct-2012,30c6f1d4634a0268,Contractor,144926
Nov-2012,30c6f1d4634a0268,Contractor,47492
Dec-2012,30c6f1d4634a0268,Contractor,52568
Jan-2013,30c6f1d4634a0268,Contractor,10866
Feb-2013,30c6f1d4634a0268,Contractor,10986
Mar-2013,30c6f1d4634a0268,Contractor,37624
Apr-2013,30c6f1d4634a0268,Contractor,25402
May-2013,30c6f1d4634a0268,Contractor,17770
Jun-2013,30c6f1d4634a0268,Contractor,21791
Jul-2013,30c6f1d4634a0268,Contractor,21791
Aug-2013,30c6f1d4634a0268,Contractor,20716
Sep-2013,30c6f1d4634a0268,Contractor,19704
Oct-2013,30c6f1d4634a0268,Contractor,19704
Nov-2013,30c6f1d4634a0268,Contractor,18110
Dec-2013,30c6f1d4634a0268,Contractor,18090
Jan-2014,30c6f1d4634a0268,Contractor,23500
Feb-2014,30c6f1d4634a0268,Contractor,19446
Mar-2014,30c6f1d4634a0268,Contractor,19442
Apr-2014,30c6f1d4634a0268,Contractor,16928
May-2014,30c6f1d4634a0268,Contractor,19424
Jun-2014,30c6f1d4634a0268,Contractor,23168
Jul-2014,30c6f1d4634a0268,Contractor,27181
Aug-2014,30c6f1d4634a0268,Contractor,23005
Sep-2014,30c6f1d4634a0268,Contractor,13461
Oct-2014,30c6f1d4634a0268,Contractor,15421
Nov-2014,30c6f1d4634a0268,Contractor,17371
Dec-2014,30c6f1d4634a0268,Contractor,26432
Jan-2015,30c6f1d4634a0268,Contractor,16616
Feb-2015,30c6f1d4634a0268,Contractor,17094
Mar-2015,30c6f1d4634a0268,Contractor,17524
Apr-2015,30c6f1d4634a0268,Contractor,17523
May-2015,30c6f1d4634a0268,Contractor,9934
Jun-2015,30c6f1d4634a0268,Contractor,12580
Jul-2015,30c6f1d4634a0268,Contractor,18258
Aug-2015,30c6f1d4634a0268,Contractor,16606
Sep-2015,30c6f1d4634a0268,Contractor,18449
Oct-2015,30c6f1d4634a0268,Contractor,11581
Nov-2015,30c6f1d4634a0268,Contractor,11383
Dec-2015,30c6f1d4634a0268,Contractor,12992
Jan-2016,30c6f1d4634a0268,Contractor,14350
Feb-2016,30c6f1d4634a0268,Contractor,9623
Mar-2016,30c6f1d4634a0268,Contractor,13227
Apr-2016,30c6f1d4634a0268,Contractor,9021
May-2016,30c6f1d4634a0268,Contractor,11052
Jun-2016,30c6f1d4634a0268,Contractor,15059
Jul-2016,30c6f1d4634a0268,Contractor,10803
Aug-2016,30c6f1d4634a0268,Contractor,18312
Sep-2016,30c6f1d4634a0268,Contractor,21448
Oct-2016,30c6f1d4634a0268,Contractor,10114
Nov-2016,30c6f1d4634a0268,Contractor,12627
Dec-2016,30c6f1d4634a0268,Contractor,11523
Jan-2017,30c6f1d4634a0268,Contractor,12836
Feb-2017,30c6f1d4634a0268,Contractor,10381
Mar-2017,30c6f1d4634a0268,Contractor,13512
Apr-2017,30c6f1d4634a0268,Contractor,10385
May-2017,30c6f1d4634a0268,Contractor,10612
Jun-2017,30c6f1d4634a0268,Contractor,12291
Jul-2017,30c6f1d4634a0268,Contractor,8631
Aug-2017,30c6f1d4634a0268,Contractor,18183
Sep-2017,30c6f1d4634a0268,Contractor,13878
Oct-2017,30c6f1d4634a0268,Contractor,14504
Nov-2017,30c6f1d4634a0268,Contractor,10559
Dec-2017,30c6f1d4634a0268,Contractor,14335
Jan-2018,30c6f1d4634a0268,Contractor,9947
Feb-2018,30c6f1d4634a0268,Contractor,11204
Mar-2018,30c6f1d4634a0268,Contractor,8710
Apr-2018,30c6f1d4634a0268,Contractor,12164
May-2018,30c6f1d4634a0268,Contractor,12578
Jun-2018,30c6f1d4634a0268,Contractor,14864
Jul-2018,30c6f1d4634a0268,Contractor,23600
Aug-2018,30c6f1d4634a0268,Contractor,17828
Sep-2018,30c6f1d4634a0268,Contractor,10356
Oct-2018,30c6f1d4634a0268,Contractor,14923
Nov-2018,30c6f1d4634a0268,Contractor,12975
Dec-2018,30c6f1d4634a0268,Contractor,11966
Oct-2020,53030efca88e7301,Staff,32642
Oct-2020,53030efca88e7301,Contractor,9564.43
Jul-2020,53030efca88e7301,Staff,33745
Jul-2020,53030efca88e7301,Contractor,11017
Aug-2020,53030efca88e7301,Staff,32316
Aug-2020,53030efca88e7301,Contractor,12845
Sep-2020,53030efca88e7301,Staff,31661.23
Sep-2020,53030efca88e7301,Contractor,12562.33
Nov-2020,53030efca88e7301,Staff,31106.15
Nov-2020,53030efca88e7301,Contractor,7814.23
Dec-2020,53030efca88e7301,Staff,33312.31
Dec-2020,53030efca88e7301,Contractor,8040.43
Jan-2021,53030efca88e7301,Staff,32396.52
Jan-2021,53030efca88e7301,Contractor,8125.9
Feb-2021,53030efca88e7301,Staff,32150.9
Feb-2021,53030efca88e7301,Contractor,7785.72
Mar-2021,53030efca88e7301,Staff,35713.62
Mar-2021,53030efca88e7301,Contractor,10466.82
Apr-2021,53030efca88e7301,Staff,28939
Apr-2021,53030efca88e7301,Contractor,8839
May-2021,53030efca88e7301,Staff,33911.5
May-2021,53030efca88e7301,Contractor,9324.8
Jun-2021,53030efca88e7301,Contractor,9601.99
Jun-2021,53030efca88e7301,Staff,32053.9
Jul-2021,53030efca88e7301,Contractor,11297
Jul-2021,53030efca88e7301,Staff,33848
Aug-2021,53030efca88e7301,Staff,32819
Aug-2021,53030efca88e7301,Contractor,11079
Sep-2021,53030efca88e7301,Staff,31316
Sep-2021,53030efca88e7301,Contractor,15129
Oct-2021,53030efca88e7301,Staff,31834
Oct-2021,53030efca88e7301,Contractor,13977
Nov-2021,53030efca88e7301,Staff,30063
Nov-2021,53030efca88e7301,Contractor,10425
Dec-2021,53030efca88e7301,Staff,28782
Dec-2021,53030efca88e7301,Contractor,8015
Jan-2022,53030efca88e7301,Staff,28696
Jan-2022,53030efca88e7301,Contractor,8216
Feb-2022,53030efca88e7301,Staff,26645
Feb-2022,53030efca88e7301,Contractor,6798
Mar-2022,53030efca88e7301,Staff,29954.45
Mar-2022,53030efca88e7301,Contractor,9239.93
Apr-2022,53030efca88e7301,Staff,25321.39
Apr-2022,53030efca88e7301,Contractor,8766.88
May-2022,53030efca88e7301,Staff,26931
May-2022,53030efca88e7301,Contractor,8816
Jun-2022,53030efca88e7301,Staff,27617.98
Jun-2022,53030efca88e7301,Contractor,12293
Jul-2022,53030efca88e7301,Contractor,11806.23
Jul-2022,53030efca88e7301,Staff,25309.17
Aug-2022,53030efca88e7301,Staff,27779.77
Aug-2022,53030efca88e7301,Contractor,12236.35
Jul-2011,53030efca88e7301,Staff,15359
Aug-2011,53030efca88e7301,Staff,16009
Sep-2011,53030efca88e7301,Staff,15534
Oct-2011,53030efca88e7301,Staff,15359
Nov-2011,53030efca88e7301,Staff,15534
Dec-2011,53030efca88e7301,Staff,15684
Jan-2012,53030efca88e7301,Staff,18746
Feb-2012,53030efca88e7301,Staff,20980
Mar-2012,53030efca88e7301,Staff,21462
Apr-2012,53030efca88e7301,Staff,23056
May-2012,53030efca88e7301,Staff,24974
Jun-2012,53030efca88e7301,Staff,25922
Jul-2012,53030efca88e7301,Staff,25310
Aug-2012,53030efca88e7301,Staff,27242
Sep-2012,53030efca88e7301,Staff,21519
Oct-2012,53030efca88e7301,Staff,21888
Nov-2012,53030efca88e7301,Staff,21661
Dec-2012,53030efca88e7301,Staff,21031
Jan-2013,53030efca88e7301,Staff,21435
Feb-2013,53030efca88e7301,Staff,21994
Mar-2013,53030efca88e7301,Staff,19137
Apr-2013,53030efca88e7301,Staff,19872
May-2013,53030efca88e7301,Staff,19557
Jun-2013,53030efca88e7301,Staff,20958
Jul-2013,53030efca88e7301,Staff,20994
Aug-2013,53030efca88e7301,Staff,21627
Sep-2013,53030efca88e7301,Staff,20979
Oct-2013,53030efca88e7301,Staff,20769
Nov-2013,53030efca88e7301,Staff,20559
Dec-2013,53030efca88e7301,Staff,21084
Jan-2014,53030efca88e7301,Staff,20349
Feb-2014,53030efca88e7301,Staff,20349
Mar-2014,53030efca88e7301,Staff,21225
Apr-2014,53030efca88e7301,Staff,21255
May-2014,53030efca88e7301,Staff,21435
Jun-2014,53030efca88e7301,Staff,21236
Jul-2014,53030efca88e7301,Staff,37827
Aug-2014,53030efca88e7301,Staff,39431
Sep-2014,53030efca88e7301,Staff,40569
Oct-2014,53030efca88e7301,Staff,34229
Nov-2014,53030efca88e7301,Staff,34577
Dec-2014,53030efca88e7301,Staff,37743
Jan-2015,53030efca88e7301,Staff,39595
Feb-2015,53030efca88e7301,Staff,34460
Mar-2015,53030efca88e7301,Staff,35432
Apr-2015,53030efca88e7301,Staff,36680
May-2015,53030efca88e7301,Staff,36706
Jun-2015,53030efca88e7301,Staff,36304
Jul-2015,53030efca88e7301,Staff,34496
Aug-2015,53030efca88e7301,Staff,36496
Sep-2015,53030efca88e7301,Staff,36496
Oct-2015,53030efca88e7301,Staff,36286
Nov-2015,53030efca88e7301,Staff,36108
Dec-2015,53030efca88e7301,Staff,37068
Jan-2016,53030efca88e7301,Staff,37488
Feb-2016,53030efca88e7301,Staff,39306
Mar-2016,53030efca88e7301,Staff,39414
Apr-2016,53030efca88e7301,Staff,39624
May-2016,53030efca88e7301,Staff,40320
Jun-2016,53030efca88e7301,Staff,40314
Jul-2016,53030efca88e7301,Staff,41424
Aug-2016,53030efca88e7301,Staff,41456
Sep-2016,53030efca88e7301,Staff,41168
Oct-2016,53030efca88e7301,Staff,39002
Nov-2016,53030efca88e7301,Staff,39002
Dec-2016,53030efca88e7301,Staff,38964
Jan-2017,53030efca88e7301,Staff,37620
Feb-2017,53030efca88e7301,Staff,37962
Mar-2017,53030efca88e7301,Staff,35895
Apr-2017,53030efca88e7301,Staff,36096
May-2017,53030efca88e7301,Staff,35928
Jun-2017,53030efca88e7301,Staff,36509
Jul-2017,53030efca88e7301,Staff,35838
Aug-2017,53030efca88e7301,Staff,35754
Sep-2017,53030efca88e7301,Staff,36711
Oct-2017,53030efca88e7301,Staff,35259
Nov-2017,53030efca88e7301,Staff,35469
Dec-2017,53030efca88e7301,Staff,35469
Jan-2018,53030efca88e7301,Staff,36552
Feb-2018,53030efca88e7301,Staff,36732
Mar-2018,53030efca88e7301,Staff,36912
Apr-2018,53030efca88e7301,Staff,36368
May-2018,53030efca88e7301,Staff,38102
Jun-2018,53030efca88e7301,Staff,38522
Jul-2018,53030efca88e7301,Staff,36374
Aug-2018,53030efca88e7301,Staff,35573
Sep-2018,53030efca88e7301,Staff,35453
Oct-2018,53030efca88e7301,Staff,35033
Nov-2018,53030efca88e7301,Staff,35639
Dec-2018,53030efca88e7301,Staff,36164
Jul-2011,53030efca88e7301,Contractor,20906
Aug-2011,53030efca88e7301,Contractor,33529.5
Sep-2011,53030efca88e7301,Contractor,34004
Oct-2011,53030efca88e7301,Contractor,34618
Nov-2011,53030efca88e7301,Contractor,31350.5
Dec-2011,53030efca88e7301,Contractor,30926.5
Jan-2012,53030efca88e7301,Contractor,38022.5
Feb-2012,53030efca88e7301,Contractor,48707
Mar-2012,53030efca88e7301,Contractor,50207
Apr-2012,53030efca88e7301,Contractor,51696.5
May-2012,53030efca88e7301,Contractor,34459.5
Jun-2012,53030efca88e7301,Contractor,35638.5
Jul-2012,53030efca88e7301,Contractor,36466.5
Aug-2012,53030efca88e7301,Contractor,40048
Sep-2012,53030efca88e7301,Contractor,39108
Oct-2012,53030efca88e7301,Contractor,42904
Nov-2012,53030efca88e7301,Contractor,38543
Dec-2012,53030efca88e7301,Contractor,36451
Jan-2013,53030efca88e7301,Contractor,31999
Feb-2013,53030efca88e7301,Contractor,29906.5
Mar-2013,53030efca88e7301,Contractor,36826
Apr-2013,53030efca88e7301,Contractor,35958.5
May-2013,53030efca88e7301,Contractor,37958
Jun-2013,53030efca88e7301,Contractor,34237
Jul-2013,53030efca88e7301,Contractor,33116
Aug-2013,53030efca88e7301,Contractor,35146
Sep-2013,53030efca88e7301,Contractor,31059
Oct-2013,53030efca88e7301,Contractor,33126
Nov-2013,53030efca88e7301,Contractor,28604.5
Dec-2013,53030efca88e7301,Contractor,22606
Jan-2014,53030efca88e7301,Contractor,22220.5
Feb-2014,53030efca88e7301,Contractor,20207
Mar-2014,53030efca88e7301,Contractor,23626
Apr-2014,53030efca88e7301,Contractor,25535
May-2014,53030efca88e7301,Contractor,26033
Jun-2014,53030efca88e7301,Contractor,26837
Jul-2014,53030efca88e7301,Contractor,10157
Aug-2014,53030efca88e7301,Contractor,9444.5
Sep-2014,53030efca88e7301,Contractor,11843
Oct-2014,53030efca88e7301,Contractor,16486
Nov-2014,53030efca88e7301,Contractor,10244.5
Dec-2014,53030efca88e7301,Contractor,5840.75
Jan-2015,53030efca88e7301,Contractor,8910
Feb-2015,53030efca88e7301,Contractor,8386.75
Mar-2015,53030efca88e7301,Contractor,18892.25
Apr-2015,53030efca88e7301,Contractor,11839.25
May-2015,53030efca88e7301,Contractor,11675.25
Jun-2015,53030efca88e7301,Contractor,14206.5
Jul-2015,53030efca88e7301,Contractor,16576.25
Aug-2015,53030efca88e7301,Contractor,15512
Sep-2015,53030efca88e7301,Contractor,14525
Oct-2015,53030efca88e7301,Contractor,17910.5
Nov-2015,53030efca88e7301,Contractor,17163.75
Dec-2015,53030efca88e7301,Contractor,12948.75
Jan-2016,53030efca88e7301,Contractor,12821.25
Feb-2016,53030efca88e7301,Contractor,11655.25
Mar-2016,53030efca88e7301,Contractor,13819
Apr-2016,53030efca88e7301,Contractor,16433.5
May-2016,53030efca88e7301,Contractor,10767
Jun-2016,53030efca88e7301,Contractor,12906.75
Jul-2016,53030efca88e7301,Contractor,16532
Aug-2016,53030efca88e7301,Contractor,13906.5
Sep-2016,53030efca88e7301,Contractor,14590
Oct-2016,53030efca88e7301,Contractor,18765
Nov-2016,53030efca88e7301,Contractor,11101
Dec-2016,53030efca88e7301,Contractor,9575
Jan-2017,53030efca88e7301,Contractor,10048
Feb-2017,53030efca88e7301,Contractor,9748
Mar-2017,53030efca88e7301,Contractor,13404
Apr-2017,53030efca88e7301,Contractor,10307
May-2017,53030efca88e7301,Contractor,11169
Jun-2017,53030efca88e7301,Contractor,8715
Jul-2017,53030efca88e7301,Contractor,10677
Aug-2017,53030efca88e7301,Contractor,13854.5
Sep-2017,53030efca88e7301,Contractor,13672
Oct-2017,53030efca88e7301,Contractor,15669
Nov-2017,53030efca88e7301,Contractor,13223
Dec-2017,53030efca88e7301,Contractor,11742.1
Jan-2018,53030efca88e7301,Contractor,12024
Feb-2018,53030efca88e7301,Contractor,15389
Mar-2018,53030efca88e7301,Contractor,12208.4
Apr-2018,53030efca88e7301,Contractor,12432
May-2018,53030efca88e7301,Contractor,10838
Jun-2018,53030efca88e7301,Contractor,10534.8
Jul-2018,53030efca88e7301,Contractor,15569
Aug-2018,53030efca88e7301,Contractor,12355
Sep-2018,53030efca88e7301,Contractor,14887
Oct-2018,53030efca88e7301,Contractor,15973
Nov-2018,53030efca88e7301,Contractor,14348
Dec-2018,53030efca88e7301,Contractor,12736
Sep-2021,49d11ae6ef35a6f5,Staff,50107.6
Oct-2021,49d11ae6ef35a6f5,Contractor,58134
Nov-2021,49d11ae6ef35a6f5,Contractor,49564
Dec-2021,49d11ae6ef35a6f5,Contractor,47137
Jan-2022,49d11ae6ef35a6f5,Contractor,46733.77
Feb-2022,49d11ae6ef35a6f5,Contractor,46903
Mar-2022,49d11ae6ef35a6f5,Contractor,47154.79
Apr-2022,49d11ae6ef35a6f5,Contractor,46662
May-2022,49d11ae6ef35a6f5,Contractor,35190
Jun-2022,49d11ae6ef35a6f5,Contractor,44159.33
Jul-2022,49d11ae6ef35a6f5,Contractor,41179
Aug-2022,49d11ae6ef35a6f5,Contractor,48833
Oct-2020,49d11ae6ef35a6f5,Staff,49943
Oct-2020,49d11ae6ef35a6f5,Contractor,20560
Nov-2020,49d11ae6ef35a6f5,Staff,46623
Nov-2020,49d11ae6ef35a6f5,Contractor,23212
Dec-2020,49d11ae6ef35a6f5,Staff,42960
Dec-2020,49d11ae6ef35a6f5,Contractor,21090
Jan-2021,49d11ae6ef35a6f5,Staff,43070
Jan-2021,49d11ae6ef35a6f5,Contractor,23249
Feb-2021,49d11ae6ef35a6f5,Staff,42065
Feb-2021,49d11ae6ef35a6f5,Contractor,22164
Mar-2021,49d11ae6ef35a6f5,Staff,48855
Mar-2021,49d11ae6ef35a6f5,Contractor,25740
Apr-2021,49d11ae6ef35a6f5,Staff,43905
Apr-2021,49d11ae6ef35a6f5,Contractor,30517
May-2021,49d11ae6ef35a6f5,Staff,46618
May-2021,49d11ae6ef35a6f5,Contractor,36476
Jun-2021,49d11ae6ef35a6f5,Staff,45762
Jun-2021,49d11ae6ef35a6f5,Contractor,38246
Jul-2021,49d11ae6ef35a6f5,Staff,45236
Jul-2021,49d11ae6ef35a6f5,Contractor,35329
Aug-2021,49d11ae6ef35a6f5,Staff,108529
Aug-2021,49d11ae6ef35a6f5,Contractor,68589
Sep-2021,49d11ae6ef35a6f5,Staff,96059.3
Oct-2021,49d11ae6ef35a6f5,Staff,96096
Nov-2021,49d11ae6ef35a6f5,Staff,93334
Dec-2021,49d11ae6ef35a6f5,Staff,86338
Jan-2022,49d11ae6ef35a6f5,Staff,97683.32
Feb-2022,49d11ae6ef35a6f5,Staff,97597.22
Mar-2022,49d11ae6ef35a6f5,Staff,97261.27
Apr-2022,49d11ae6ef35a6f5,Staff,97381
May-2022,49d11ae6ef35a6f5,Staff,76385
Jun-2022,49d11ae6ef35a6f5,Staff,75106.98
Jul-2022,49d11ae6ef35a6f5,Staff,73736
Aug-2022,49d11ae6ef35a6f5,Staff,83745
Jul-2014,49d11ae6ef35a6f5,Staff,50247
Aug-2014,49d11ae6ef35a6f5,Staff,45462
Sep-2014,49d11ae6ef35a6f5,Staff,45123
Oct-2014,49d11ae6ef35a6f5,Staff,44305
Nov-2014,49d11ae6ef35a6f5,Staff,44367
Dec-2014,49d11ae6ef35a6f5,Staff,59448
Jan-2015,49d11ae6ef35a6f5,Staff,44237
Feb-2015,49d11ae6ef35a6f5,Staff,46953
Mar-2015,49d11ae6ef35a6f5,Staff,46145
Apr-2015,49d11ae6ef35a6f5,Staff,47621
May-2015,49d11ae6ef35a6f5,Staff,45737
Jun-2015,49d11ae6ef35a6f5,Staff,46187
Jul-2015,49d11ae6ef35a6f5,Staff,46000
Aug-2015,49d11ae6ef35a6f5,Staff,46241
Sep-2015,49d11ae6ef35a6f5,Staff,43116
Oct-2015,49d11ae6ef35a6f5,Staff,43000
Nov-2015,49d11ae6ef35a6f5,Staff,43000
Dec-2015,49d11ae6ef35a6f5,Staff,43000
Jan-2016,49d11ae6ef35a6f5,Staff,37233
Feb-2016,49d11ae6ef35a6f5,Staff,38243
Mar-2016,49d11ae6ef35a6f5,Staff,40425
Apr-2016,49d11ae6ef35a6f5,Staff,41330
May-2016,49d11ae6ef35a6f5,Staff,44176.01
Jun-2016,49d11ae6ef35a6f5,Staff,57927
Jul-2016,49d11ae6ef35a6f5,Staff,44577
Aug-2016,49d11ae6ef35a6f5,Staff,44696
Sep-2016,49d11ae6ef35a6f5,Staff,45105
Oct-2016,49d11ae6ef35a6f5,Staff,45597
Nov-2016,49d11ae6ef35a6f5,Staff,50278
Dec-2016,49d11ae6ef35a6f5,Staff,49396
Jan-2017,49d11ae6ef35a6f5,Staff,48005
Feb-2017,49d11ae6ef35a6f5,Staff,44804
Mar-2017,49d11ae6ef35a6f5,Staff,50584
Apr-2017,49d11ae6ef35a6f5,Staff,45732
May-2017,49d11ae6ef35a6f5,Staff,50297
Jun-2017,49d11ae6ef35a6f5,Staff,46170
Jul-2017,49d11ae6ef35a6f5,Staff,42884
Aug-2017,49d11ae6ef35a6f5,Staff,44645
Sep-2017,49d11ae6ef35a6f5,Staff,39361
Oct-2017,49d11ae6ef35a6f5,Staff,42415
Nov-2017,49d11ae6ef35a6f5,Staff,40708
Dec-2017,49d11ae6ef35a6f5,Staff,36276
Jan-2018,49d11ae6ef35a6f5,Staff,32219
Feb-2018,49d11ae6ef35a6f5,Staff,37658
Mar-2018,49d11ae6ef35a6f5,Staff,40991
Apr-2018,49d11ae6ef35a6f5,Staff,37553
May-2018,49d11ae6ef35a6f5,Staff,40965
Jun-2018,49d11ae6ef35a6f5,Staff,38887
Jul-2018,49d11ae6ef35a6f5,Staff,32219
Aug-2018,49d11ae6ef35a6f5,Staff,41132
Sep-2018,49d11ae6ef35a6f5,Staff,37793
Oct-2018,49d11ae6ef35a6f5,Staff,43258
Nov-2018,49d11ae6ef35a6f5,Staff,41861
Dec-2018,49d11ae6ef35a6f5,Staff,37245
Jul-2014,49d11ae6ef35a6f5,Contractor,21421
Aug-2014,49d11ae6ef35a6f5,Contractor,22682
Sep-2014,49d11ae6ef35a6f5,Contractor,23948
Oct-2014,49d11ae6ef35a6f5,Contractor,22629
Nov-2014,49d11ae6ef35a6f5,Contractor,22888
Dec-2014,49d11ae6ef35a6f5,Contractor,18348
Jan-2015,49d11ae6ef35a6f5,Contractor,18888
Feb-2015,49d11ae6ef35a6f5,Contractor,16172
Mar-2015,49d11ae6ef35a6f5,Contractor,19449
Apr-2015,49d11ae6ef35a6f5,Contractor,22841
May-2015,49d11ae6ef35a6f5,Contractor,22554
Jun-2015,49d11ae6ef35a6f5,Contractor,22710
Jul-2015,49d11ae6ef35a6f5,Contractor,22000
Aug-2015,49d11ae6ef35a6f5,Contractor,20059
Sep-2015,49d11ae6ef35a6f5,Contractor,19074
Oct-2015,49d11ae6ef35a6f5,Contractor,19000
Nov-2015,49d11ae6ef35a6f5,Contractor,19000
Dec-2015,49d11ae6ef35a6f5,Contractor,19000
Jan-2016,49d11ae6ef35a6f5,Contractor,16426
Feb-2016,49d11ae6ef35a6f5,Contractor,13844
Mar-2016,49d11ae6ef35a6f5,Contractor,18963
Apr-2016,49d11ae6ef35a6f5,Contractor,22628
May-2016,49d11ae6ef35a6f5,Contractor,17380
Jun-2016,49d11ae6ef35a6f5,Contractor,24209
Jul-2016,49d11ae6ef35a6f5,Contractor,22353
Aug-2016,49d11ae6ef35a6f5,Contractor,15747
Sep-2016,49d11ae6ef35a6f5,Contractor,12274
Oct-2016,49d11ae6ef35a6f5,Contractor,22589
Nov-2016,49d11ae6ef35a6f5,Contractor,31982
Dec-2016,49d11ae6ef35a6f5,Contractor,21609
Jan-2017,49d11ae6ef35a6f5,Contractor,31143
Feb-2017,49d11ae6ef35a6f5,Contractor,21258
Mar-2017,49d11ae6ef35a6f5,Contractor,20576
Apr-2017,49d11ae6ef35a6f5,Contractor,20782
May-2017,49d11ae6ef35a6f5,Contractor,21735
Jun-2017,49d11ae6ef35a6f5,Contractor,21281
Jul-2017,49d11ae6ef35a6f5,Contractor,27256
Aug-2017,49d11ae6ef35a6f5,Contractor,27610
Sep-2017,49d11ae6ef35a6f5,Contractor,29835
Oct-2017,49d11ae6ef35a6f5,Contractor,33115
Nov-2017,49d11ae6ef35a6f5,Contractor,33430
Dec-2017,49d11ae6ef35a6f5,Contractor,37014
Jan-2018,49d11ae6ef35a6f5,Contractor,24981
Feb-2018,49d11ae6ef35a6f5,Contractor,21723
Mar-2018,49d11ae6ef35a6f5,Contractor,24280
Apr-2018,49d11ae6ef35a6f5,Contractor,24464
May-2018,49d11ae6ef35a6f5,Contractor,30280
Jun-2018,49d11ae6ef35a6f5,Contractor,28311
Jul-2018,49d11ae6ef35a6f5,Contractor,24981
Aug-2018,49d11ae6ef35a6f5,Contractor,28681
Sep-2018,49d11ae6ef35a6f5,Contractor,31118
Oct-2018,49d11ae6ef35a6f5,Contractor,37001
Nov-2018,49d11ae6ef35a6f5,Contractor,37715
Dec-2018,49d11ae6ef35a6f5,Contractor,27141
Jun-2012,28163a97aea8a693,Staff,27672
May-2012,28163a97aea8a693,Staff,26155
Apr-2012,28163a97aea8a693,Staff,33500
Mar-2012,28163a97aea8a693,Staff,38547
Feb-2012,28163a97aea8a693,Staff,27815
Jan-2012,28163a97aea8a693,Staff,29472
Dec-2011,28163a97aea8a693,Staff,29272
Nov-2011,28163a97aea8a693,Staff,33204
Oct-2011,28163a97aea8a693,Staff,19908
Sep-2011,28163a97aea8a693,Staff,22248
Aug-2011,28163a97aea8a693,Staff,0
Jul-2011,28163a97aea8a693,Staff,0
Jul-2012,28163a97aea8a693,Staff,26550
Aug-2012,28163a97aea8a693,Staff,26713
Sep-2012,28163a97aea8a693,Staff,47103
Oct-2012,28163a97aea8a693,Staff,26300
Nov-2012,28163a97aea8a693,Staff,27297
Dec-2012,28163a97aea8a693,Staff,28775
Jan-2013,28163a97aea8a693,Staff,28775
Feb-2013,28163a97aea8a693,Staff,31602
Mar-2013,28163a97aea8a693,Staff,28936
Apr-2013,28163a97aea8a693,Staff,38520
May-2013,28163a97aea8a693,Staff,29073
Jun-2013,28163a97aea8a693,Staff,26923
Jul-2013,28163a97aea8a693,Staff,23331
Aug-2013,28163a97aea8a693,Staff,23375
Sep-2013,28163a97aea8a693,Staff,28548
Oct-2013,28163a97aea8a693,Staff,21944
Nov-2013,28163a97aea8a693,Staff,22048
Dec-2013,28163a97aea8a693,Staff,20089
Jan-2014,28163a97aea8a693,Staff,17629
Feb-2014,28163a97aea8a693,Staff,19981
Mar-2014,28163a97aea8a693,Staff,20222
Apr-2014,28163a97aea8a693,Staff,23314
May-2014,28163a97aea8a693,Staff,19838
Jun-2014,28163a97aea8a693,Staff,20654
Jul-2014,28163a97aea8a693,Staff,20407
Aug-2014,28163a97aea8a693,Staff,21566
Sep-2014,28163a97aea8a693,Staff,21657
Oct-2014,28163a97aea8a693,Staff,29046
Nov-2014,28163a97aea8a693,Staff,22412
Dec-2014,28163a97aea8a693,Staff,23576
Jan-2015,28163a97aea8a693,Staff,22021
Feb-2015,28163a97aea8a693,Staff,24903
Mar-2015,28163a97aea8a693,Staff,26613
Apr-2015,28163a97aea8a693,Staff,36517
May-2015,28163a97aea8a693,Staff,27134
Jun-2015,28163a97aea8a693,Staff,26512
Jul-2015,28163a97aea8a693,Staff,26705
Aug-2015,28163a97aea8a693,Staff,26204
Sep-2015,28163a97aea8a693,Staff,35070
Oct-2015,28163a97aea8a693,Staff,26033
Nov-2015,28163a97aea8a693,Staff,25704
Dec-2015,28163a97aea8a693,Staff,24900
Jan-2016,28163a97aea8a693,Staff,26866
Feb-2016,28163a97aea8a693,Staff,28145
Mar-2016,28163a97aea8a693,Staff,37472
Apr-2016,28163a97aea8a693,Staff,27941
May-2016,28163a97aea8a693,Staff,28116
Jun-2016,28163a97aea8a693,Staff,29217.5
Jul-2016,28163a97aea8a693,Staff,28054
Aug-2016,28163a97aea8a693,Staff,37987
Sep-2016,28163a97aea8a693,Staff,29618
Oct-2016,28163a97aea8a693,Staff,29991
Nov-2016,28163a97aea8a693,Staff,29723
Dec-2016,28163a97aea8a693,Staff,31491
Jan-2017,28163a97aea8a693,Staff,27349
Feb-2017,28163a97aea8a693,Staff,27620
Mar-2017,28163a97aea8a693,Staff,40178
Apr-2017,28163a97aea8a693,Staff,29969
May-2017,28163a97aea8a693,Staff,30817
Jun-2017,28163a97aea8a693,Staff,29827
Jul-2017,28163a97aea8a693,Staff,39443
Aug-2017,28163a97aea8a693,Staff,39601
Sep-2017,28163a97aea8a693,Staff,39121
Jun-2012,28163a97aea8a693,Contractor,14965
May-2012,28163a97aea8a693,Contractor,22671
Apr-2012,28163a97aea8a693,Contractor,22671
Mar-2012,28163a97aea8a693,Contractor,23982
Feb-2012,28163a97aea8a693,Contractor,18802
Jan-2012,28163a97aea8a693,Contractor,17175
Dec-2011,28163a97aea8a693,Contractor,15840
Nov-2011,28163a97aea8a693,Contractor,15053
Oct-2011,28163a97aea8a693,Contractor,22152
Sep-2011,28163a97aea8a693,Contractor,18002
Aug-2011,28163a97aea8a693,Contractor,0
Jul-2011,28163a97aea8a693,Contractor,0
Jul-2012,28163a97aea8a693,Contractor,17413
Aug-2012,28163a97aea8a693,Contractor,17753
Sep-2012,28163a97aea8a693,Contractor,23482
Oct-2012,28163a97aea8a693,Contractor,19901
Nov-2012,28163a97aea8a693,Contractor,21140
Dec-2012,28163a97aea8a693,Contractor,17376
Jan-2013,28163a97aea8a693,Contractor,15932
Feb-2013,28163a97aea8a693,Contractor,17278
Mar-2013,28163a97aea8a693,Contractor,16063
Apr-2013,28163a97aea8a693,Contractor,21363
May-2013,28163a97aea8a693,Contractor,18704
Jun-2013,28163a97aea8a693,Contractor,17777
Jul-2013,28163a97aea8a693,Contractor,17499
Aug-2013,28163a97aea8a693,Contractor,16499
Sep-2013,28163a97aea8a693,Contractor,17246
Oct-2013,28163a97aea8a693,Contractor,16691
Nov-2013,28163a97aea8a693,Contractor,11134
Dec-2013,28163a97aea8a693,Contractor,6606
Jan-2014,28163a97aea8a693,Contractor,6177
Feb-2014,28163a97aea8a693,Contractor,13552
Mar-2014,28163a97aea8a693,Contractor,10819
Apr-2014,28163a97aea8a693,Contractor,10564
May-2014,28163a97aea8a693,Contractor,12150
Jun-2014,28163a97aea8a693,Contractor,10115
Jul-2014,28163a97aea8a693,Contractor,16765
Aug-2014,28163a97aea8a693,Contractor,12284
Sep-2014,28163a97aea8a693,Contractor,18243
Oct-2014,28163a97aea8a693,Contractor,11697
Nov-2014,28163a97aea8a693,Contractor,16459
Dec-2014,28163a97aea8a693,Contractor,18739
Jan-2015,28163a97aea8a693,Contractor,22655
Feb-2015,28163a97aea8a693,Contractor,20045
Mar-2015,28163a97aea8a693,Contractor,18782
Apr-2015,28163a97aea8a693,Contractor,15738
May-2015,28163a97aea8a693,Contractor,21955
Jun-2015,28163a97aea8a693,Contractor,18151
Jul-2015,28163a97aea8a693,Contractor,17345
Aug-2015,28163a97aea8a693,Contractor,15017
Sep-2015,28163a97aea8a693,Contractor,18286
Oct-2015,28163a97aea8a693,Contractor,15299
Nov-2015,28163a97aea8a693,Contractor,16437
Dec-2015,28163a97aea8a693,Contractor,14370
Jan-2016,28163a97aea8a693,Contractor,22101
Feb-2016,28163a97aea8a693,Contractor,18363
Mar-2016,28163a97aea8a693,Contractor,22935
Apr-2016,28163a97aea8a693,Contractor,18235
May-2016,28163a97aea8a693,Contractor,25037
Jun-2016,28163a97aea8a693,Contractor,17814
Jul-2016,28163a97aea8a693,Contractor,22169
Aug-2016,28163a97aea8a693,Contractor,17406
Sep-2016,28163a97aea8a693,Contractor,18584
Oct-2016,28163a97aea8a693,Contractor,14311
Nov-2016,28163a97aea8a693,Contractor,26592
Dec-2016,28163a97aea8a693,Contractor,16877
Jan-2017,28163a97aea8a693,Contractor,20649
Feb-2017,28163a97aea8a693,Contractor,20543
Mar-2017,28163a97aea8a693,Contractor,25420
Apr-2017,28163a97aea8a693,Contractor,20147
May-2017,28163a97aea8a693,Contractor,25251
Jun-2017,28163a97aea8a693,Contractor,26266
Jul-2017,28163a97aea8a693,Contractor,29436
Aug-2017,28163a97aea8a693,Contractor,29709
Sep-2017,28163a97aea8a693,Contractor,21245
Apr-2012,da820a60662e5c87,Staff,37474
Apr-2013,da820a60662e5c87,Staff,45173
Apr-2014,da820a60662e5c87,Staff,30320
Apr-2015,da820a60662e5c87,Staff,31226.65
Apr-2016,da820a60662e5c87,Staff,30623.83
Aug-2011,da820a60662e5c87,Staff,36303
Aug-2012,da820a60662e5c87,Staff,35466
Aug-2013,da820a60662e5c87,Staff,39463.5
Aug-2014,da820a60662e5c87,Staff,33510
Aug-2015,da820a60662e5c87,Staff,31433.98
Aug-2016,da820a60662e5c87,Staff,30781.67
Dec-2011,da820a60662e5c87,Staff,31460
Dec-2012,da820a60662e5c87,Staff,44236.1
Dec-2013,da820a60662e5c87,Staff,30877
Dec-2014,da820a60662e5c87,Staff,34000
Dec-2015,da820a60662e5c87,Staff,30554.17
Feb-2012,da820a60662e5c87,Staff,37524
Feb-2013,da820a60662e5c87,Staff,45496.77
Feb-2014,da820a60662e5c87,Staff,32341.67
Feb-2015,da820a60662e5c87,Staff,33688.5
Feb-2016,da820a60662e5c87,Staff,31282.5
Jan-2012,da820a60662e5c87,Staff,34656
Jan-2013,da820a60662e5c87,Staff,45240
Jan-2014,da820a60662e5c87,Staff,28909
Jan-2015,da820a60662e5c87,Staff,32107.11
Jan-2016,da820a60662e5c87,Staff,32264
Jul-2011,da820a60662e5c87,Staff,34247
Jul-2012,da820a60662e5c87,Staff,36388
Jul-2013,da820a60662e5c87,Staff,39129
Jul-2014,da820a60662e5c87,Staff,32367
Jul-2015,da820a60662e5c87,Staff,31232
Jul-2016,da820a60662e5c87,Staff,31136.67
Jun-2012,da820a60662e5c87,Staff,37500
Jun-2013,da820a60662e5c87,Staff,39556
Jun-2014,da820a60662e5c87,Staff,32116
Jun-2015,da820a60662e5c87,Staff,31790.67
Jun-2016,da820a60662e5c87,Staff,30093.33
Mar-2012,da820a60662e5c87,Staff,40076
Mar-2013,da820a60662e5c87,Staff,45011.76
Mar-2014,da820a60662e5c87,Staff,30620.59
Mar-2015,da820a60662e5c87,Staff,32420.6
Mar-2016,da820a60662e5c87,Staff,31258.33
May-2012,da820a60662e5c87,Staff,37500
May-2013,da820a60662e5c87,Staff,44161
May-2014,da820a60662e5c87,Staff,31606
May-2015,da820a60662e5c87,Staff,32874
May-2016,da820a60662e5c87,Staff,30981.33
Nov-2011,da820a60662e5c87,Staff,33463
Nov-2012,da820a60662e5c87,Staff,44697
Nov-2013,da820a60662e5c87,Staff,32024
Nov-2014,da820a60662e5c87,Staff,34077.24
Nov-2015,da820a60662e5c87,Staff,31530
Oct-2011,da820a60662e5c87,Staff,32505
Oct-2012,da820a60662e5c87,Staff,42793
Oct-2013,da820a60662e5c87,Staff,32118
Oct-2014,da820a60662e5c87,Staff,33081.96
Oct-2015,da820a60662e5c87,Staff,30221
Sep-2011,da820a60662e5c87,Staff,34247
Sep-2012,da820a60662e5c87,Staff,41623.07
Sep-2013,da820a60662e5c87,Staff,42651.8
Sep-2014,da820a60662e5c87,Staff,33883
Sep-2015,da820a60662e5c87,Staff,30221
Apr-2012,da820a60662e5c87,Contractor,18125
Apr-2013,da820a60662e5c87,Contractor,18938
Apr-2014,da820a60662e5c87,Contractor,6160
Apr-2015,da820a60662e5c87,Contractor,10877
Apr-2016,da820a60662e5c87,Contractor,10824
Aug-2011,da820a60662e5c87,Contractor,9068
Aug-2012,da820a60662e5c87,Contractor,22004
Aug-2013,da820a60662e5c87,Contractor,1405
Aug-2014,da820a60662e5c87,Contractor,15095
Aug-2015,da820a60662e5c87,Contractor,3545
Aug-2016,da820a60662e5c87,Contractor,12641
Dec-2011,da820a60662e5c87,Contractor,11349
Dec-2012,da820a60662e5c87,Contractor,16731
Dec-2013,da820a60662e5c87,Contractor,4683
Dec-2014,da820a60662e5c87,Contractor,11639
Dec-2015,da820a60662e5c87,Contractor,8600
Feb-2012,da820a60662e5c87,Contractor,16645
Feb-2013,da820a60662e5c87,Contractor,19949
Feb-2014,da820a60662e5c87,Contractor,4955
Feb-2015,da820a60662e5c87,Contractor,6617
Feb-2016,da820a60662e5c87,Contractor,10701
Jan-2012,da820a60662e5c87,Contractor,12355
Jan-2013,da820a60662e5c87,Contractor,20128
Jan-2014,da820a60662e5c87,Contractor,5225
Jan-2015,da820a60662e5c87,Contractor,2771
Jan-2016,da820a60662e5c87,Contractor,10999
Jul-2011,da820a60662e5c87,Contractor,17803
Jul-2012,da820a60662e5c87,Contractor,12832
Jul-2013,da820a60662e5c87,Contractor,3705
Jul-2014,da820a60662e5c87,Contractor,6023
Jul-2015,da820a60662e5c87,Contractor,7756
Jul-2016,da820a60662e5c87,Contractor,13608
Jun-2012,da820a60662e5c87,Contractor,19586
Jun-2013,da820a60662e5c87,Contractor,2215
Jun-2014,da820a60662e5c87,Contractor,9141
Jun-2015,da820a60662e5c87,Contractor,7745
Jun-2016,da820a60662e5c87,Contractor,15259
Mar-2012,da820a60662e5c87,Contractor,16550
Mar-2013,da820a60662e5c87,Contractor,18505.75
Mar-2014,da820a60662e5c87,Contractor,5932
Mar-2015,da820a60662e5c87,Contractor,9686
Mar-2016,da820a60662e5c87,Contractor,8986
May-2012,da820a60662e5c87,Contractor,21322
May-2013,da820a60662e5c87,Contractor,4627
May-2014,da820a60662e5c87,Contractor,9101
May-2015,da820a60662e5c87,Contractor,8615
May-2016,da820a60662e5c87,Contractor,11663
Nov-2011,da820a60662e5c87,Contractor,11205
Nov-2012,da820a60662e5c87,Contractor,23348
Nov-2013,da820a60662e5c87,Contractor,2121
Nov-2014,da820a60662e5c87,Contractor,11639
Nov-2015,da820a60662e5c87,Contractor,7699
Oct-2011,da820a60662e5c87,Contractor,10144
Oct-2012,da820a60662e5c87,Contractor,24357
Oct-2013,da820a60662e5c87,Contractor,4409
Oct-2014,da820a60662e5c87,Contractor,14182
Oct-2015,da820a60662e5c87,Contractor,4900
Sep-2011,da820a60662e5c87,Contractor,10636
Sep-2012,da820a60662e5c87,Contractor,23544
Sep-2013,da820a60662e5c87,Contractor,2872
Sep-2014,da820a60662e5c87,Contractor,13013
Sep-2015,da820a60662e5c87,Contractor,4970
Jan-2013,fcbffa67625b434b,Staff,41562
Feb-2013,fcbffa67625b434b,Staff,9000
Mar-2013,fcbffa67625b434b,Staff,9000
Apr-2013,fcbffa67625b434b,Staff,9000
May-2013,fcbffa67625b434b,Staff,9000
Jun-2013,fcbffa67625b434b,Staff,9000
Jul-2013,fcbffa67625b434b,Staff,9000
Aug-2013,fcbffa67625b434b,Staff,9000
Sep-2013,fcbffa67625b434b,Staff,9000
Oct-2013,fcbffa67625b434b,Staff,9000
Nov-2013,fcbffa67625b434b,Staff,9000
Dec-2013,fcbffa67625b434b,Staff,9000
Jan-2014,fcbffa67625b434b,Staff,9000
Feb-2014,fcbffa67625b434b,Staff,9000
Mar-2014,fcbffa67625b434b,Staff,9000
Apr-2014,fcbffa67625b434b,Staff,4095
May-2014,fcbffa67625b434b,Staff,4095
Jun-2014,fcbffa67625b434b,Staff,9000
Jul-2014,fcbffa67625b434b,Staff,6000
Aug-2014,fcbffa67625b434b,Staff,6000
Sep-2014,fcbffa67625b434b,Staff,6000
Oct-2014,fcbffa67625b434b,Staff,6000
Nov-2014,fcbffa67625b434b,Staff,6000
Dec-2014,fcbffa67625b434b,Staff,6000
Jan-2015,fcbffa67625b434b,Staff,6000
Feb-2015,fcbffa67625b434b,Staff,6000
Mar-2015,fcbffa67625b434b,Staff,9000
Apr-2015,fcbffa67625b434b,Staff,6000
May-2015,fcbffa67625b434b,Staff,9000
Jun-2015,fcbffa67625b434b,Staff,9000
Jul-2015,fcbffa67625b434b,Staff,9000
Aug-2015,fcbffa67625b434b,Staff,9000
Sep-2015,fcbffa67625b434b,Staff,9000
Oct-2015,fcbffa67625b434b,Staff,9000
Nov-2015,fcbffa67625b434b,Staff,9000
Dec-2015,fcbffa67625b434b,Staff,9000
Jan-2016,fcbffa67625b434b,Staff,9000
Feb-2016,fcbffa67625b434b,Staff,9000
Mar-2016,fcbffa67625b434b,Staff,5540
Apr-2016,fcbffa67625b434b,Staff,5000
May-2016,fcbffa67625b434b,Staff,5000
Jun-2016,fcbffa67625b434b,Staff,9000
Jul-2016,fcbffa67625b434b,Staff,5000
Aug-2016,fcbffa67625b434b,Staff,5000
Sep-2016,fcbffa67625b434b,Staff,5000
Oct-2016,fcbffa67625b434b,Staff,5000
Nov-2016,fcbffa67625b434b,Staff,5000
Dec-2016,fcbffa67625b434b,Staff,5000
Jan-2017,fcbffa67625b434b,Staff,5000
Feb-2017,fcbffa67625b434b,Staff,5000
Mar-2017,fcbffa67625b434b,Staff,5000
Apr-2017,fcbffa67625b434b,Staff,5000
May-2017,fcbffa67625b434b,Staff,5000
Jun-2017,fcbffa67625b434b,Staff,5000
Jul-2017,fcbffa67625b434b,Staff,5000
Aug-2017,fcbffa67625b434b,Staff,5000
Sep-2017,fcbffa67625b434b,Staff,5000
Oct-2017,fcbffa67625b434b,Staff,5000
Nov-2017,fcbffa67625b434b,Staff,5000
Dec-2017,fcbffa67625b434b,Staff,5000
Jan-2018,fcbffa67625b434b,Staff,5000
Feb-2018,fcbffa67625b434b,Staff,5000
Mar-2018,fcbffa67625b434b,Staff,5000
Apr-2018,fcbffa67625b434b,Staff,5000
May-2018,fcbffa67625b434b,Staff,5000
Jun-2018,fcbffa67625b434b,Staff,5000
Jul-2018,fcbffa67625b434b,Staff,5000
Aug-2018,fcbffa67625b434b,Staff,5000
Sep-2018,fcbffa67625b434b,Staff,5000
Oct-2018,fcbffa67625b434b,Staff,5000
Nov-2018,fcbffa67625b434b,Staff,5000
Dec-2018,fcbffa67625b434b,Staff,5000
Jan-2019,fcbffa67625b434b,Staff,5000
Apr-2013,fcbffa67625b434b,Contractor,40
May-2013,fcbffa67625b434b,Contractor,40
Jun-2013,fcbffa67625b434b,Contractor,40
Jul-2013,fcbffa67625b434b,Contractor,40
Aug-2013,fcbffa67625b434b,Contractor,40
Sep-2013,fcbffa67625b434b,Contractor,40
Oct-2013,fcbffa67625b434b,Contractor,40
Nov-2013,fcbffa67625b434b,Contractor,40
Dec-2013,fcbffa67625b434b,Contractor,40
Jan-2014,fcbffa67625b434b,Contractor,9000
Feb-2014,fcbffa67625b434b,Contractor,40
Mar-2014,fcbffa67625b434b,Contractor,40
Apr-2014,fcbffa67625b434b,Contractor,45
May-2014,fcbffa67625b434b,Contractor,45
Jun-2014,fcbffa67625b434b,Contractor,45
Jul-2014,fcbffa67625b434b,Contractor,40
Aug-2014,fcbffa67625b434b,Contractor,40
Sep-2014,fcbffa67625b434b,Contractor,40
Oct-2014,fcbffa67625b434b,Contractor,40
Nov-2014,fcbffa67625b434b,Contractor,40
Dec-2014,fcbffa67625b434b,Contractor,40
Jan-2015,fcbffa67625b434b,Contractor,40
Feb-2015,fcbffa67625b434b,Contractor,40
Mar-2015,fcbffa67625b434b,Contractor,40
Apr-2015,fcbffa67625b434b,Contractor,40
May-2015,fcbffa67625b434b,Contractor,40
Jun-2015,fcbffa67625b434b,Contractor,40
Jul-2015,fcbffa67625b434b,Contractor,40
Aug-2015,fcbffa67625b434b,Contractor,40
Sep-2015,fcbffa67625b434b,Contractor,40
Oct-2015,fcbffa67625b434b,Contractor,40
Nov-2015,fcbffa67625b434b,Contractor,40
Dec-2015,fcbffa67625b434b,Contractor,40
Jan-2016,fcbffa67625b434b,Contractor,40
Feb-2016,fcbffa67625b434b,Contractor,40
Mar-2016,fcbffa67625b434b,Contractor,850
Apr-2016,fcbffa67625b434b,Contractor,850
May-2016,fcbffa67625b434b,Contractor,800
Jun-2016,fcbffa67625b434b,Contractor,800
Jul-2016,fcbffa67625b434b,Contractor,800
Aug-2016,fcbffa67625b434b,Contractor,800
Sep-2016,fcbffa67625b434b,Contractor,800
Oct-2016,fcbffa67625b434b,Contractor,800
Nov-2016,fcbffa67625b434b,Contractor,800
Dec-2016,fcbffa67625b434b,Contractor,800
Jan-2017,fcbffa67625b434b,Contractor,800
Feb-2017,fcbffa67625b434b,Contractor,800
Mar-2017,fcbffa67625b434b,Contractor,800
Apr-2017,fcbffa67625b434b,Contractor,800
May-2017,fcbffa67625b434b,Contractor,800
Jun-2017,fcbffa67625b434b,Contractor,800
Jul-2017,fcbffa67625b434b,Contractor,800
Aug-2017,fcbffa67625b434b,Contractor,800
Sep-2017,fcbffa67625b434b,Contractor,800
Oct-2017,fcbffa67625b434b,Contractor,800
Nov-2017,fcbffa67625b434b,Contractor,800
Dec-2017,fcbffa67625b434b,Contractor,800
Jan-2018,fcbffa67625b434b,Contractor,800
Feb-2018,fcbffa67625b434b,Contractor,800
Mar-2018,fcbffa67625b434b,Contractor,800
Apr-2018,fcbffa67625b434b,Contractor,800
May-2018,fcbffa67625b434b,Contractor,800
Jun-2018,fcbffa67625b434b,Contractor,800
Jul-2018,fcbffa67625b434b,Contractor,800
Aug-2018,fcbffa67625b434b,Contractor,800
Sep-2018,fcbffa67625b434b,Contractor,800
Oct-2018,fcbffa67625b434b,Contractor,800
Nov-2018,fcbffa67625b434b,Contractor,800
Dec-2018,fcbffa67625b434b,Contractor,800
Dec-2015,2c79ba9fe0c776a9,Staff,1520
Jan-2016,2c79ba9fe0c776a9,Staff,450
Feb-2016,2c79ba9fe0c776a9,Staff,515
Mar-2016,2c79ba9fe0c776a9,Staff,641
Apr-2016,2c79ba9fe0c776a9,Staff,600
May-2016,2c79ba9fe0c776a9,Staff,600
Jun-2016,2c79ba9fe0c776a9,Staff,600
Jul-2016,2c79ba9fe0c776a9,Staff,1042
Aug-2016,2c79ba9fe0c776a9,Staff,969
Sep-2016,2c79ba9fe0c776a9,Staff,1016
Oct-2016,2c79ba9fe0c776a9,Staff,1000
Nov-2016,2c79ba9fe0c776a9,Staff,1326
Dec-2016,2c79ba9fe0c776a9,Staff,993
Jan-2017,2c79ba9fe0c776a9,Staff,1176
Feb-2017,2c79ba9fe0c776a9,Staff,405
Mar-2017,2c79ba9fe0c776a9,Staff,630
Apr-2017,2c79ba9fe0c776a9,Staff,600
May-2017,2c79ba9fe0c776a9,Staff,0
Jun-2017,2c79ba9fe0c776a9,Staff,250
Jul-2017,2c79ba9fe0c776a9,Staff,200
Feb-2016,2c79ba9fe0c776a9,Contractor,45
Mar-2016,2c79ba9fe0c776a9,Contractor,512
Apr-2016,2c79ba9fe0c776a9,Contractor,512
May-2016,2c79ba9fe0c776a9,Contractor,500
Jun-2016,2c79ba9fe0c776a9,Contractor,500
Jul-2016,2c79ba9fe0c776a9,Contractor,4349
Aug-2016,2c79ba9fe0c776a9,Contractor,5021
Sep-2016,2c79ba9fe0c776a9,Contractor,2546
Oct-2016,2c79ba9fe0c776a9,Contractor,2500
Nov-2016,2c79ba9fe0c776a9,Contractor,2355
Dec-2016,2c79ba9fe0c776a9,Contractor,276
Jan-2017,2c79ba9fe0c776a9,Contractor,577
Feb-2017,2c79ba9fe0c776a9,Contractor,224
Mar-2017,2c79ba9fe0c776a9,Contractor,220
Apr-2017,2c79ba9fe0c776a9,Contractor,20
Jan-2013,6016eddafcb274bc,Staff,41562
Feb-2013,6016eddafcb274bc,Staff,9000
Mar-2013,6016eddafcb274bc,Staff,9000
Apr-2013,6016eddafcb274bc,Staff,9000
May-2013,6016eddafcb274bc,Staff,9000
Jun-2013,6016eddafcb274bc,Staff,9000
Jul-2013,6016eddafcb274bc,Staff,9000
Aug-2013,6016eddafcb274bc,Staff,9000
Sep-2013,6016eddafcb274bc,Staff,9000
Oct-2013,6016eddafcb274bc,Staff,9000
Nov-2013,6016eddafcb274bc,Staff,9000
Dec-2013,6016eddafcb274bc,Staff,9000
Jan-2014,6016eddafcb274bc,Staff,0
Feb-2014,6016eddafcb274bc,Staff,9000
Mar-2014,6016eddafcb274bc,Staff,9000
Apr-2013,6016eddafcb274bc,Contractor,40
May-2013,6016eddafcb274bc,Contractor,40
Jun-2013,6016eddafcb274bc,Contractor,40
Jul-2013,6016eddafcb274bc,Contractor,40
Aug-2013,6016eddafcb274bc,Contractor,40
Sep-2013,6016eddafcb274bc,Contractor,40
Oct-2013,6016eddafcb274bc,Contractor,40
Nov-2013,6016eddafcb274bc,Contractor,40
Dec-2013,6016eddafcb274bc,Contractor,40
Jan-2014,6016eddafcb274bc,Contractor,0
Feb-2014,6016eddafcb274bc,Contractor,40
Mar-2014,6016eddafcb274bc,Contractor,40
Jul-2022,6d4b7ee99aebdab7,Staff,115024
Jul-2020,6d4b7ee99aebdab7,Contractor,30558.5
Jun-2020,6d4b7ee99aebdab7,Contractor,27960.8
May-2020,6d4b7ee99aebdab7,Contractor,28022
Apr-2020,6d4b7ee99aebdab7,Contractor,22976
Mar-2020,6d4b7ee99aebdab7,Contractor,26865.5
Feb-2020,6d4b7ee99aebdab7,Contractor,24783.5
Jan-2020,6d4b7ee99aebdab7,Contractor,21761
Jun-2019,6d4b7ee99aebdab7,Contractor,67268
Jul-2019,6d4b7ee99aebdab7,Contractor,54197.5
Aug-2019,6d4b7ee99aebdab7,Contractor,38585
Sep-2019,6d4b7ee99aebdab7,Contractor,38281.5
Oct-2019,6d4b7ee99aebdab7,Contractor,40481
Nov-2019,6d4b7ee99aebdab7,Contractor,37180.9
Dec-2019,6d4b7ee99aebdab7,Contractor,28363
Sep-2020,6d4b7ee99aebdab7,Contractor,38086
Aug-2020,6d4b7ee99aebdab7,Contractor,24289.5
Oct-2020,6d4b7ee99aebdab7,Contractor,36346.5
Nov-2020,6d4b7ee99aebdab7,Contractor,40333.5
Dec-2020,6d4b7ee99aebdab7,Contractor,32291
Jan-2021,6d4b7ee99aebdab7,Contractor,34791
Feb-2021,6d4b7ee99aebdab7,Contractor,41270
Mar-2021,6d4b7ee99aebdab7,Contractor,43171
Apr-2021,6d4b7ee99aebdab7,Contractor,41763
May-2021,6d4b7ee99aebdab7,Contractor,40762
Jun-2021,6d4b7ee99aebdab7,Contractor,43382.5
Jul-2021,6d4b7ee99aebdab7,Contractor,45151
Aug-2021,6d4b7ee99aebdab7,Contractor,47797
Sep-2021,6d4b7ee99aebdab7,Contractor,58828
Oct-2021,6d4b7ee99aebdab7,Contractor,64312
Nov-2021,6d4b7ee99aebdab7,Contractor,60596
Dec-2021,6d4b7ee99aebdab7,Contractor,58930
Jan-2022,6d4b7ee99aebdab7,Contractor,56482
Feb-2022,6d4b7ee99aebdab7,Contractor,53522
Mar-2022,6d4b7ee99aebdab7,Contractor,63281
Apr-2022,6d4b7ee99aebdab7,Staff,55214
May-2022,6d4b7ee99aebdab7,Contractor,58346.5
Jun-2022,6d4b7ee99aebdab7,Staff,57609
Jul-2022,6d4b7ee99aebdab7,Contractor,68508
Aug-2022,6d4b7ee99aebdab7,Contractor,60548
Jul-2020,6d4b7ee99aebdab7,Staff,102314
Aug-2020,6d4b7ee99aebdab7,Staff,108589
Sep-2020,6d4b7ee99aebdab7,Staff,107254
Jun-2020,6d4b7ee99aebdab7,Staff,119198
May-2020,6d4b7ee99aebdab7,Staff,129333
Apr-2020,6d4b7ee99aebdab7,Staff,123740
Mar-2020,6d4b7ee99aebdab7,Staff,124841
Feb-2020,6d4b7ee99aebdab7,Staff,131413
Jan-2020,6d4b7ee99aebdab7,Staff,131997
Jun-2019,6d4b7ee99aebdab7,Staff,142798
Jul-2019,6d4b7ee99aebdab7,Staff,140519
Aug-2019,6d4b7ee99aebdab7,Staff,137150
Sep-2019,6d4b7ee99aebdab7,Staff,134179
Oct-2019,6d4b7ee99aebdab7,Staff,136674
Nov-2019,6d4b7ee99aebdab7,Staff,135113
Dec-2019,6d4b7ee99aebdab7,Staff,128850
Oct-2020,6d4b7ee99aebdab7,Staff,106895
Nov-2020,6d4b7ee99aebdab7,Staff,105240
Dec-2020,6d4b7ee99aebdab7,Staff,97970
Jan-2021,6d4b7ee99aebdab7,Staff,108973
Feb-2021,6d4b7ee99aebdab7,Staff,100910
Mar-2021,6d4b7ee99aebdab7,Staff,109948
Apr-2021,6d4b7ee99aebdab7,Staff,108017
May-2021,6d4b7ee99aebdab7,Staff,109550
Jun-2021,6d4b7ee99aebdab7,Staff,111912
Jul-2021,6d4b7ee99aebdab7,Staff,105538
Aug-2021,6d4b7ee99aebdab7,Staff,103273
Sep-2021,6d4b7ee99aebdab7,Staff,108338
Oct-2021,6d4b7ee99aebdab7,Staff,116644
Nov-2021,6d4b7ee99aebdab7,Staff,117812
Dec-2021,6d4b7ee99aebdab7,Staff,113260
Jan-2022,6d4b7ee99aebdab7,Staff,112000
Feb-2022,6d4b7ee99aebdab7,Staff,116184
Mar-2022,6d4b7ee99aebdab7,Staff,118263
Apr-2022,6d4b7ee99aebdab7,Staff,113752
May-2022,6d4b7ee99aebdab7,Staff,117574
Jun-2022,6d4b7ee99aebdab7,Staff,117425
Aug-2022,6d4b7ee99aebdab7,Staff,112929
Mar-2019,6d4b7ee99aebdab7,Contractor,76829
Apr-2019,6d4b7ee99aebdab7,Contractor,76368
May-2019,6d4b7ee99aebdab7,Contractor,78826
Mar-2019,6d4b7ee99aebdab7,Staff,140906
Apr-2019,6d4b7ee99aebdab7,Staff,140758
May-2019,6d4b7ee99aebdab7,Staff,152165
